,img_url,product_name,price,city,location,rating,url,quantity_sold,shop_name
0,0,Paket Ashitaki 2,99000,KOTA TANGERANG SELATAN,KOTA TANGERANG SELATAN,,,9 ,
1,0,"Fitmee - FitMee BAYAM / (Shirataki Noodle) Low Calorie Mie Diet Bebas Kolestrol, Rendah Gula dan Tinggi Serat","18500
18250",KOTA TANGERANG SELATAN,KOTA TANGERANG SELATAN,,,1800 ,
2,0,"Ashitaki - Mi Goreng Original 75gr - Mie Tanpa Pengawet
Pilih 3, diskon 3%","24900
23500",KOTA JAKARTA PUSAT,KOTA JAKARTA PUSAT,,,2300 ,
3,0,Ashitaki Mie Rebus Soto - Goreng Original - Goreng ala Jepang,19240,KOTA JAKARTA TIMUR,KOTA JAKARTA TIMUR,,,1700 ,
4,0,"Ashitaki - Mi Rebus Soto 75gr - Mie Rendah Kalori
Pilih 3, diskon 3%","24900
23500",KOTA JAKARTA PUSAT,KOTA JAKARTA PUSAT,,,1900 ,
5,0,Fit Mee Mie Konyaku Shirataki Mie Goreng - Soto Low Callories,17700,KOTA JAKARTA BARAT,KOTA JAKARTA BARAT,,,3100 ,
6,0,"ASHITAKI MIE SHIRATAKI DIET SEHAT | SHIRATAKI NOODLE MIE INSTAN
Cashback 50%",18999,KAB. TANGERANG,KAB. TANGERANG,,,3600 ,
7,0,Ashitaki mie Rendah Kalori,"20000
18800",KOTA DEPOK,KOTA DEPOK,,,100 ,
8,0,Ashitaki - Mie Rendah Kalori Shirataki Tanpa Pengawet Mi Goreng Jepang Goreng Original,19053 - 39572,KOTA JAKARTA BARAT,KOTA JAKARTA BARAT,,,90 ,
9,0,Shirataki Vermicelli Noodle | Mie Shirataki | Mie Keto 250g,29870,KOTA SURABAYA,KOTA SURABAYA,,,61 ,
10,0,ASHITAKI MIE SHIRATAKI DIET SEHAT ASHITABA | SHIRATAKI NOODLE MIE INSTAN,19790 - 20490,KAB. TANGERANG,KAB. TANGERANG,,,1000 ,
11,0,Ashitaki - Mie Shirataki Diet Sehat | Shirataki Noodle Mie Instant,"25000
19950",KOTA TANGERANG SELATAN,KOTA TANGERANG SELATAN,,,950 ,
12,0,Dry Shirataki - Mie Kering Shirataki ( isi 10pcs ) 250g,39000,KOTA JAKARTA BARAT,KOTA JAKARTA BARAT,,,200 ,
13,0,"ASHITAKI MIE GORENG JEPANG ORIGINAL SOTO VEGAN KARI PEDAS BULGOGI CREAMY SAUCE SHIRATAKI ASHITABA MI SIRATAKI DIET KONYAKU NASI BERAS SIRATAKI PORANG BASAH KERING RICE NOODLE DEBM KETO PENURUN BERAT BADAN PELANGSING PRUNE PLUM CHIA SEED FITMEE FITME CIA
Pilih 3, diskon 1%","30000
19900",KOTA MADIUN,KOTA MADIUN,,,1100 ,
14,0,Mie Diet Sehat / Mie Shirataki kering / Mie Shirataki,9990 - 44990,KOTA DENPASAR,KOTA DENPASAR,,,16 ,
15,0,Fit mee Mie Shirataki Rasa Mie goreng korea Keto,15499,KAB. TANGERANG,KAB. TANGERANG,,,1300 ,
16,0,"Wet Shirataki Noodle (Mie Shirataki Basah) 200Gram
Pilih 2, bayar Rp17.500",8550,KOTA TANGERANG SELATAN,KOTA TANGERANG SELATAN,,,3100 ,
17,0,Fitmee Mie Shirataki Shiratake Sirataki Konnyaku Instan Halal,16800,KAB. TANGERANG,KAB. TANGERANG,,,468 ,
18,0,FITMEE Mie Diet Shirataki / Mie Low Carbo (92 gram) - All Variant,18900,KOTA JAKARTA UTARA,KOTA JAKARTA UTARA,,,1700 ,
19,0,ASHITAKI MIE SHIRATAKI DIET SEHAT | SHIRATAKI NOODLE MIE INSTAN,18499,KAB. TANGERANG,KAB. TANGERANG,,,1700 ,
20,0,Mie Low Callories Ashitaki Ashitaba Shirataki,19800,KOTA JAKARTA BARAT,KOTA JAKARTA BARAT,,,350 ,
21,0,Ashitaki Mie Shirataki Instant Diet,"24999
24599",KOTA MEDAN,KOTA MEDAN,,,439 ,
22,0,Mie shirataki bihun shirataki fettucini tsubu shirataki,8200 - 9200,KOTA JAKARTA BARAT,KOTA JAKARTA BARAT,,,491 ,
23,0,Fitmee Mie Shirataki Shiratake Sirataki Konnyaku Instan Halal,16800,KAB. TANGERANG,KAB. TANGERANG,,,392 ,
24,0,Wet Shirataki Noodle (Mie Shirataki Basah) Per-Dus/Carton,190000,KOTA TANGERANG SELATAN,KOTA TANGERANG SELATAN,,,189 ,
25,0,Ashitaki Mi Instan (Ashitaba & Shirataki),18490 - 18990,KOTA BANDUNG,KOTA BANDUNG,,,1000 ,
26,0,Fitmee Mie Shirataki - Konnyaku Sehat Instan Halal Fitmee Ayam Bawang Soto Carbonara,18200 - 36400,KOTA JAKARTA BARAT,KOTA JAKARTA BARAT,,,724 ,
27,0,"FITMEE MIE SHIRATAKI ALL VARIAN | SHIRATAKI NOODLE MIE SEHAT Bonus KORORO
Cashback 50%",15499,KAB. TANGERANG,KAB. TANGERANG,,,5100 ,
28,0,FITMEE MIE SHIRATAKI ALL VARIAN | SHIRATAKI NOODLE MIE SEHAT,"25000
18499",KAB. TANGERANG,KAB. TANGERANG,,,1000 ,
29,0,Fitmee - Fit Mee / Mie Shirataki Goreng Korea / Soto / Carbonara / Ayam / Bolognese / Goreng Sapi,18900,KOTA JAKARTA UTARA,KOTA JAKARTA UTARA,,,2200 ,
30,0,Mie Shirataki Basah Ketogenic Diet Keto 1 Dus 25 x 200 gr - Mr Ishii,175000,KOTA SURABAYA,KOTA SURABAYA,,,165 ,
31,0,Shirataki Noodle Hijau Mr Ishii | Mie Shirataki Jepang Halal 200 gr,10500,KOTA TANGERANG SELATAN,KOTA TANGERANG SELATAN,,,2900 ,
32,0,ASHITAKI Mi Rebus Shirataki Soto - Diet Keto Non MSG,18780,KOTA SURABAYA,KOTA SURABAYA,,,196 ,
33,0,Ashitaki Mie Shirataki Rebus Soto / Kari Ayam - Instanst sehat NON MSG low carbo diet keto,18700,KOTA SURABAYA,KOTA SURABAYA,,,1700 ,
34,0,Ashitaki Mie Instan Ashitaba Shirataki 68 gram,18500,KAB. TANGERANG,KAB. TANGERANG,,,504 ,
35,0,Dry Shirataki atau Mie Shirataki (mie kering),39500,KOTA JAKARTA BARAT,KOTA JAKARTA BARAT,,,7300 ,
36,0,Mie Shirataki Hijau Basah Ketogenic Diet Keto 1 Dus 25 bungkus,182500,KAB. TANGERANG,KAB. TANGERANG,,,43 ,
37,0,Mie basah shirataki biru,475000,KOTA JAKARTA TIMUR,KOTA JAKARTA TIMUR,,,56 ,
38,0,mie kering sirataki/gluten free/diet keto/dry noodle sirataki 250gr(pakai kurir anter aja wajib),"55000
38500",KOTA DEPOK,KOTA DEPOK,,,826 ,
39,0,Ashitaki Mi Goreng Original 1 DUS ISI 12PCS (12x75gr),227100,KOTA TANGERANG SELATAN,KOTA TANGERANG SELATAN,,,65 ,
40,0,Ashitaki Mie Rebus Low Calori - Kari Ayam,"22000
19100",KOTA JAKARTA UTARA,KOTA JAKARTA UTARA,,,34 ,
41,0,mie shirataki basah hijau/ wet noddle shirataki green 200gr cocok untuk diet,"15000
8700",KOTA DEPOK,KOTA DEPOK,,,191 ,
42,0,Mr. Ishii Lokal - Mie Shirataki Ito Konnyaku 200 g,"9900
8900",KOTA JAKARTA SELATAN,KOTA JAKARTA SELATAN,,,2600 ,
43,0,"khusus gojek Mie shirataki basah , wet sirataki noodle , diet keto / ketogenic 1dus",185000,KOTA JAKARTA UTARA,KOTA JAKARTA UTARA,,,525 ,
44,0,"Mie Shirataki Basah Instan | Mie Shirataki Basah + Bumbu + Ayam | Halal
Hadiah Gratis",10360 - 18000,KOTA SURABAYA,KOTA SURABAYA,,,715 ,
45,0,ASHITAKI Mie Shirataki - Mi Instan Diet Sehat - Ashitaba Konjac Noodle - Rendah Kalori,19900 - 20400,KOTA SURABAYA,KOTA SURABAYA,,,283 ,
46,0,Mie Shirataki Noodle Fitmee Soto Bolognese Goreng Carbonara,17750 - 20000,KOTA JAKARTA BARAT,KOTA JAKARTA BARAT,,,1600 ,
47,0,"Mie Shirataki Basah | Wet Shirataki Kwetiau Noodle | 350gram | Halal MUI Diet Keto NoGluten Konnyaku
Hadiah Gratis","20000
8500",KOTA SURABAYA,KOTA SURABAYA,,,330 ,
48,0,Mr Ishii Mie Shirataki Basah 200 gr,9600,KOTA MEDAN,KOTA MEDAN,,,154 ,
49,0,Mie Basah Shirataki / Shirataki Wet Noodle / Shirataki Itto / Mie Basah Matang / Diet Keto [200 gr],7400 - 7920,KOTA MALANG,KOTA MALANG,,,200 ,
50,0,Mie Shirataki Kering Dry Shirataki Ketogenic Diet Keto Low Carbo 250gr,45000,KOTA MAKASSAR,KOTA MAKASSAR,,,204 ,
51,0,Mie Shirataki Wet noodles isshi ito hijau isi 25 khusus gojek/grab,181500,KOTA JAKARTA BARAT,KOTA JAKARTA BARAT,,,27 ,
52,0,PAKET SHIRATAKI | Bihun - Mie - Tsubu - Fettucini Shirataki @ 1 pcs,"37730
32800",KOTA JAKARTA BARAT,KOTA JAKARTA BARAT,,,6 ,
53,0,Mie Kering Shirataki Dry Shirataki Noodle,39250,KOTA JAKARTA BARAT,KOTA JAKARTA BARAT,,,110 ,
54,0,Fit Mee Mie Shirataki Fitmee Beli 2 All Varian Gratis 1 Varian CARBONARA,18000,KOTA JAKARTA UTARA,KOTA JAKARTA UTARA,,,1000 ,
55,0,Mr Ishii Mie Shirataki Basah (200 gr),10999,KOTA MEDAN,KOTA MEDAN,,,1200 ,
56,0,Konnyaku Blok (Shirataki Konnyaku Low Carbs-Ketogenic) 500Gram,16000,KOTA TANGERANG SELATAN,KOTA TANGERANG SELATAN,,,539 ,
57,0,Ashitaki Mi Goreng Creamy Sauce 85gr (Mie Rendah Kalori),22700,KOTA JAKARTA TIMUR,KOTA JAKARTA TIMUR,,,96 ,
58,0,Ashitaki Mi Goreng Original 75gr (Mie Rendah Kalori),22700,KOTA JAKARTA TIMUR,KOTA JAKARTA TIMUR,,,247 ,
59,0,Ashitaki Mi Goreng Original,19900,KOTA TANGERANG SELATAN,KOTA TANGERANG SELATAN,,,18 ,
60,0,Paket Ashitaki 2,99000,KOTA TANGERANG SELATAN,KOTA TANGERANG SELATAN,,,9 ,
61,0,"Fitmee - FitMee BAYAM / (Shirataki Noodle) Low Calorie Mie Diet Bebas Kolestrol, Rendah Gula dan Tinggi Serat","18500
18250",KOTA TANGERANG SELATAN,KOTA TANGERANG SELATAN,,,1800 ,
62,0,"Ashitaki - Mi Goreng Original 75gr - Mie Tanpa Pengawet
Pilih 3, diskon 3%","24900
23500",KOTA JAKARTA PUSAT,KOTA JAKARTA PUSAT,,,2300 ,
63,0,Ashitaki Mie Rebus Soto - Goreng Original - Goreng ala Jepang,19240,KOTA JAKARTA TIMUR,KOTA JAKARTA TIMUR,,,1700 ,
64,0,"Ashitaki - Mi Rebus Soto 75gr - Mie Rendah Kalori
Pilih 3, diskon 3%","24900
23500",KOTA JAKARTA PUSAT,KOTA JAKARTA PUSAT,,,1900 ,
65,0,Fit Mee Mie Konyaku Shirataki Mie Goreng - Soto Low Callories,17700,KOTA JAKARTA BARAT,KOTA JAKARTA BARAT,,,3100 ,
66,0,"ASHITAKI MIE SHIRATAKI DIET SEHAT | SHIRATAKI NOODLE MIE INSTAN
Cashback 50%",18999,KAB. TANGERANG,KAB. TANGERANG,,,3600 ,
67,0,Ashitaki mie Rendah Kalori,"20000
18800",KOTA DEPOK,KOTA DEPOK,,,100 ,
68,0,Ashitaki - Mie Rendah Kalori Shirataki Tanpa Pengawet Mi Goreng Jepang Goreng Original,19053 - 39572,KOTA JAKARTA BARAT,KOTA JAKARTA BARAT,,,90 ,
69,0,Shirataki Vermicelli Noodle | Mie Shirataki | Mie Keto 250g,29870,KOTA SURABAYA,KOTA SURABAYA,,,61 ,
70,0,ASHITAKI MIE SHIRATAKI DIET SEHAT ASHITABA | SHIRATAKI NOODLE MIE INSTAN,19790 - 20490,KAB. TANGERANG,KAB. TANGERANG,,,1000 ,
71,0,Ashitaki - Mie Shirataki Diet Sehat | Shirataki Noodle Mie Instant,"25000
19950",KOTA TANGERANG SELATAN,KOTA TANGERANG SELATAN,,,950 ,
72,0,Dry Shirataki - Mie Kering Shirataki ( isi 10pcs ) 250g,39000,KOTA JAKARTA BARAT,KOTA JAKARTA BARAT,,,200 ,
73,0,"ASHITAKI MIE GORENG JEPANG ORIGINAL SOTO VEGAN KARI PEDAS BULGOGI CREAMY SAUCE SHIRATAKI ASHITABA MI SIRATAKI DIET KONYAKU NASI BERAS SIRATAKI PORANG BASAH KERING RICE NOODLE DEBM KETO PENURUN BERAT BADAN PELANGSING PRUNE PLUM CHIA SEED FITMEE FITME CIA
Pilih 3, diskon 1%","30000
19900",KOTA MADIUN,KOTA MADIUN,,,1100 ,
74,0,Mie Diet Sehat / Mie Shirataki kering / Mie Shirataki,9990 - 44990,KOTA DENPASAR,KOTA DENPASAR,,,16 ,
75,0,Fit mee Mie Shirataki Rasa Mie goreng korea Keto,15499,KAB. TANGERANG,KAB. TANGERANG,,,1300 ,
76,0,"Wet Shirataki Noodle (Mie Shirataki Basah) 200Gram
Pilih 2, bayar Rp17.500",8550,KOTA TANGERANG SELATAN,KOTA TANGERANG SELATAN,,,3100 ,
77,0,Fitmee Mie Shirataki Shiratake Sirataki Konnyaku Instan Halal,16800,KAB. TANGERANG,KAB. TANGERANG,,,468 ,
78,0,FITMEE Mie Diet Shirataki / Mie Low Carbo (92 gram) - All Variant,18900,KOTA JAKARTA UTARA,KOTA JAKARTA UTARA,,,1700 ,
79,0,ASHITAKI MIE SHIRATAKI DIET SEHAT | SHIRATAKI NOODLE MIE INSTAN,18499,KAB. TANGERANG,KAB. TANGERANG,,,1700 ,
80,0,Mie Low Callories Ashitaki Ashitaba Shirataki,19800,KOTA JAKARTA BARAT,KOTA JAKARTA BARAT,,,350 ,
81,0,Ashitaki Mie Shirataki Instant Diet,"24999
24599",KOTA MEDAN,KOTA MEDAN,,,439 ,
82,0,Mie shirataki bihun shirataki fettucini tsubu shirataki,8200 - 9200,KOTA JAKARTA BARAT,KOTA JAKARTA BARAT,,,491 ,
83,0,Fitmee Mie Shirataki Shiratake Sirataki Konnyaku Instan Halal,16800,KAB. TANGERANG,KAB. TANGERANG,,,392 ,
84,0,Wet Shirataki Noodle (Mie Shirataki Basah) Per-Dus/Carton,190000,KOTA TANGERANG SELATAN,KOTA TANGERANG SELATAN,,,189 ,
85,0,Ashitaki Mi Instan (Ashitaba & Shirataki),18490 - 18990,KOTA BANDUNG,KOTA BANDUNG,,,1000 ,
86,0,Fitmee Mie Shirataki - Konnyaku Sehat Instan Halal Fitmee Ayam Bawang Soto Carbonara,18200 - 36400,KOTA JAKARTA BARAT,KOTA JAKARTA BARAT,,,724 ,
87,0,"FITMEE MIE SHIRATAKI ALL VARIAN | SHIRATAKI NOODLE MIE SEHAT Bonus KORORO
Cashback 50%",15499,KAB. TANGERANG,KAB. TANGERANG,,,5100 ,
88,0,FITMEE MIE SHIRATAKI ALL VARIAN | SHIRATAKI NOODLE MIE SEHAT,"25000
18499",KAB. TANGERANG,KAB. TANGERANG,,,1000 ,
89,0,Fitmee - Fit Mee / Mie Shirataki Goreng Korea / Soto / Carbonara / Ayam / Bolognese / Goreng Sapi,18900,KOTA JAKARTA UTARA,KOTA JAKARTA UTARA,,,2200 ,
90,0,Mie Shirataki Basah Ketogenic Diet Keto 1 Dus 25 x 200 gr - Mr Ishii,175000,KOTA SURABAYA,KOTA SURABAYA,,,165 ,
91,0,Shirataki Noodle Hijau Mr Ishii | Mie Shirataki Jepang Halal 200 gr,10500,KOTA TANGERANG SELATAN,KOTA TANGERANG SELATAN,,,2900 ,
92,0,ASHITAKI Mi Rebus Shirataki Soto - Diet Keto Non MSG,18780,KOTA SURABAYA,KOTA SURABAYA,,,196 ,
93,0,Ashitaki Mie Shirataki Rebus Soto / Kari Ayam - Instanst sehat NON MSG low carbo diet keto,18700,KOTA SURABAYA,KOTA SURABAYA,,,1700 ,
94,0,Ashitaki Mie Instan Ashitaba Shirataki 68 gram,18500,KAB. TANGERANG,KAB. TANGERANG,,,504 ,
95,0,Dry Shirataki atau Mie Shirataki (mie kering),39500,KOTA JAKARTA BARAT,KOTA JAKARTA BARAT,,,7300 ,
96,0,Mie Shirataki Hijau Basah Ketogenic Diet Keto 1 Dus 25 bungkus,182500,KAB. TANGERANG,KAB. TANGERANG,,,43 ,
97,0,Mie basah shirataki biru,475000,KOTA JAKARTA TIMUR,KOTA JAKARTA TIMUR,,,56 ,
98,0,mie kering sirataki/gluten free/diet keto/dry noodle sirataki 250gr(pakai kurir anter aja wajib),"55000
38500",KOTA DEPOK,KOTA DEPOK,,,826 ,
99,0,Ashitaki Mi Goreng Original 1 DUS ISI 12PCS (12x75gr),227100,KOTA TANGERANG SELATAN,KOTA TANGERANG SELATAN,,,65 ,
100,0,Ashitaki Mie Rebus Low Calori - Kari Ayam,"22000
19100",KOTA JAKARTA UTARA,KOTA JAKARTA UTARA,,,34 ,
101,0,mie shirataki basah hijau/ wet noddle shirataki green 200gr cocok untuk diet,"15000
8700",KOTA DEPOK,KOTA DEPOK,,,191 ,
102,0,Mr. Ishii Lokal - Mie Shirataki Ito Konnyaku 200 g,"9900
8900",KOTA JAKARTA SELATAN,KOTA JAKARTA SELATAN,,,2600 ,
103,0,"khusus gojek Mie shirataki basah , wet sirataki noodle , diet keto / ketogenic 1dus",185000,KOTA JAKARTA UTARA,KOTA JAKARTA UTARA,,,525 ,
104,0,"Mie Shirataki Basah Instan | Mie Shirataki Basah + Bumbu + Ayam | Halal
Hadiah Gratis",10360 - 18000,KOTA SURABAYA,KOTA SURABAYA,,,715 ,
105,0,ASHITAKI Mie Shirataki - Mi Instan Diet Sehat - Ashitaba Konjac Noodle - Rendah Kalori,19900 - 20400,KOTA SURABAYA,KOTA SURABAYA,,,283 ,
106,0,Mie Shirataki Noodle Fitmee Soto Bolognese Goreng Carbonara,17750 - 20000,KOTA JAKARTA BARAT,KOTA JAKARTA BARAT,,,1600 ,
107,0,"Mie Shirataki Basah | Wet Shirataki Kwetiau Noodle | 350gram | Halal MUI Diet Keto NoGluten Konnyaku
Hadiah Gratis","20000
8500",KOTA SURABAYA,KOTA SURABAYA,,,330 ,
108,0,Mr Ishii Mie Shirataki Basah 200 gr,9600,KOTA MEDAN,KOTA MEDAN,,,154 ,
109,0,Mie Basah Shirataki / Shirataki Wet Noodle / Shirataki Itto / Mie Basah Matang / Diet Keto [200 gr],7400 - 7920,KOTA MALANG,KOTA MALANG,,,200 ,
110,0,Mie Shirataki Kering Dry Shirataki Ketogenic Diet Keto Low Carbo 250gr,45000,KOTA MAKASSAR,KOTA MAKASSAR,,,204 ,
111,0,Mie Shirataki Wet noodles isshi ito hijau isi 25 khusus gojek/grab,181500,KOTA JAKARTA BARAT,KOTA JAKARTA BARAT,,,27 ,
112,0,PAKET SHIRATAKI | Bihun - Mie - Tsubu - Fettucini Shirataki @ 1 pcs,"37730
32800",KOTA JAKARTA BARAT,KOTA JAKARTA BARAT,,,6 ,
113,0,Mie Kering Shirataki Dry Shirataki Noodle,39250,KOTA JAKARTA BARAT,KOTA JAKARTA BARAT,,,110 ,
114,0,Fit Mee Mie Shirataki Fitmee Beli 2 All Varian Gratis 1 Varian CARBONARA,18000,KOTA JAKARTA UTARA,KOTA JAKARTA UTARA,,,1000 ,
115,0,Mr Ishii Mie Shirataki Basah (200 gr),10999,KOTA MEDAN,KOTA MEDAN,,,1200 ,
116,0,Konnyaku Blok (Shirataki Konnyaku Low Carbs-Ketogenic) 500Gram,16000,KOTA TANGERANG SELATAN,KOTA TANGERANG SELATAN,,,539 ,
117,0,Ashitaki Mi Goreng Creamy Sauce 85gr (Mie Rendah Kalori),22700,KOTA JAKARTA TIMUR,KOTA JAKARTA TIMUR,,,96 ,
118,0,Ashitaki Mi Goreng Original 75gr (Mie Rendah Kalori),22700,KOTA JAKARTA TIMUR,KOTA JAKARTA TIMUR,,,247 ,
119,0,Ashitaki Mi Goreng Original,19900,KOTA TANGERANG SELATAN,KOTA TANGERANG SELATAN,,,18 ,
120,0,Paket Ashitaki 2,99000,KOTA TANGERANG SELATAN,KOTA TANGERANG SELATAN,,,9 ,
121,0,"Fitmee - FitMee BAYAM / (Shirataki Noodle) Low Calorie Mie Diet Bebas Kolestrol, Rendah Gula dan Tinggi Serat","18500
18250",KOTA TANGERANG SELATAN,KOTA TANGERANG SELATAN,,,1800 ,
122,0,"Ashitaki - Mi Goreng Original 75gr - Mie Tanpa Pengawet
Pilih 3, diskon 3%","24900
23500",KOTA JAKARTA PUSAT,KOTA JAKARTA PUSAT,,,2300 ,
123,0,Ashitaki Mie Rebus Soto - Goreng Original - Goreng ala Jepang,19240,KOTA JAKARTA TIMUR,KOTA JAKARTA TIMUR,,,1700 ,
124,0,"Ashitaki - Mi Rebus Soto 75gr - Mie Rendah Kalori
Pilih 3, diskon 3%","24900
23500",KOTA JAKARTA PUSAT,KOTA JAKARTA PUSAT,,,1900 ,
125,0,Fit Mee Mie Konyaku Shirataki Mie Goreng - Soto Low Callories,17700,KOTA JAKARTA BARAT,KOTA JAKARTA BARAT,,,3100 ,
126,0,"ASHITAKI MIE SHIRATAKI DIET SEHAT | SHIRATAKI NOODLE MIE INSTAN
Cashback 50%",18999,KAB. TANGERANG,KAB. TANGERANG,,,3600 ,
127,0,Ashitaki mie Rendah Kalori,"20000
18800",KOTA DEPOK,KOTA DEPOK,,,100 ,
128,0,Ashitaki - Mie Rendah Kalori Shirataki Tanpa Pengawet Mi Goreng Jepang Goreng Original,19053 - 39572,KOTA JAKARTA BARAT,KOTA JAKARTA BARAT,,,90 ,
129,0,Shirataki Vermicelli Noodle | Mie Shirataki | Mie Keto 250g,29870,KOTA SURABAYA,KOTA SURABAYA,,,61 ,
130,0,ASHITAKI MIE SHIRATAKI DIET SEHAT ASHITABA | SHIRATAKI NOODLE MIE INSTAN,19790 - 20490,KAB. TANGERANG,KAB. TANGERANG,,,1000 ,
131,0,Ashitaki - Mie Shirataki Diet Sehat | Shirataki Noodle Mie Instant,"25000
19950",KOTA TANGERANG SELATAN,KOTA TANGERANG SELATAN,,,950 ,
132,0,Dry Shirataki - Mie Kering Shirataki ( isi 10pcs ) 250g,39000,KOTA JAKARTA BARAT,KOTA JAKARTA BARAT,,,200 ,
133,0,"ASHITAKI MIE GORENG JEPANG ORIGINAL SOTO VEGAN KARI PEDAS BULGOGI CREAMY SAUCE SHIRATAKI ASHITABA MI SIRATAKI DIET KONYAKU NASI BERAS SIRATAKI PORANG BASAH KERING RICE NOODLE DEBM KETO PENURUN BERAT BADAN PELANGSING PRUNE PLUM CHIA SEED FITMEE FITME CIA
Pilih 3, diskon 1%","30000
19900",KOTA MADIUN,KOTA MADIUN,,,1100 ,
134,0,Mie Diet Sehat / Mie Shirataki kering / Mie Shirataki,9990 - 44990,KOTA DENPASAR,KOTA DENPASAR,,,16 ,
135,0,Fit mee Mie Shirataki Rasa Mie goreng korea Keto,15499,KAB. TANGERANG,KAB. TANGERANG,,,1300 ,
136,0,"Wet Shirataki Noodle (Mie Shirataki Basah) 200Gram
Pilih 2, bayar Rp17.500",8550,KOTA TANGERANG SELATAN,KOTA TANGERANG SELATAN,,,3100 ,
137,0,Fitmee Mie Shirataki Shiratake Sirataki Konnyaku Instan Halal,16800,KAB. TANGERANG,KAB. TANGERANG,,,468 ,
138,0,FITMEE Mie Diet Shirataki / Mie Low Carbo (92 gram) - All Variant,18900,KOTA JAKARTA UTARA,KOTA JAKARTA UTARA,,,1700 ,
139,0,ASHITAKI MIE SHIRATAKI DIET SEHAT | SHIRATAKI NOODLE MIE INSTAN,18499,KAB. TANGERANG,KAB. TANGERANG,,,1700 ,
140,0,Mie Low Callories Ashitaki Ashitaba Shirataki,19800,KOTA JAKARTA BARAT,KOTA JAKARTA BARAT,,,350 ,
141,0,Ashitaki Mie Shirataki Instant Diet,"24999
24599",KOTA MEDAN,KOTA MEDAN,,,439 ,
142,0,Mie shirataki bihun shirataki fettucini tsubu shirataki,8200 - 9200,KOTA JAKARTA BARAT,KOTA JAKARTA BARAT,,,491 ,
143,0,Fitmee Mie Shirataki Shiratake Sirataki Konnyaku Instan Halal,16800,KAB. TANGERANG,KAB. TANGERANG,,,392 ,
144,0,Wet Shirataki Noodle (Mie Shirataki Basah) Per-Dus/Carton,190000,KOTA TANGERANG SELATAN,KOTA TANGERANG SELATAN,,,189 ,
145,0,Ashitaki Mi Instan (Ashitaba & Shirataki),18490 - 18990,KOTA BANDUNG,KOTA BANDUNG,,,1000 ,
146,0,Fitmee Mie Shirataki - Konnyaku Sehat Instan Halal Fitmee Ayam Bawang Soto Carbonara,18200 - 36400,KOTA JAKARTA BARAT,KOTA JAKARTA BARAT,,,724 ,
147,0,"FITMEE MIE SHIRATAKI ALL VARIAN | SHIRATAKI NOODLE MIE SEHAT Bonus KORORO
Cashback 50%",15499,KAB. TANGERANG,KAB. TANGERANG,,,5100 ,
148,0,FITMEE MIE SHIRATAKI ALL VARIAN | SHIRATAKI NOODLE MIE SEHAT,"25000
18499",KAB. TANGERANG,KAB. TANGERANG,,,1000 ,
149,0,Fitmee - Fit Mee / Mie Shirataki Goreng Korea / Soto / Carbonara / Ayam / Bolognese / Goreng Sapi,18900,KOTA JAKARTA UTARA,KOTA JAKARTA UTARA,,,2200 ,
150,0,Mie Shirataki Basah Ketogenic Diet Keto 1 Dus 25 x 200 gr - Mr Ishii,175000,KOTA SURABAYA,KOTA SURABAYA,,,165 ,
151,0,Shirataki Noodle Hijau Mr Ishii | Mie Shirataki Jepang Halal 200 gr,10500,KOTA TANGERANG SELATAN,KOTA TANGERANG SELATAN,,,2900 ,
152,0,ASHITAKI Mi Rebus Shirataki Soto - Diet Keto Non MSG,18780,KOTA SURABAYA,KOTA SURABAYA,,,196 ,
153,0,Ashitaki Mie Shirataki Rebus Soto / Kari Ayam - Instanst sehat NON MSG low carbo diet keto,18700,KOTA SURABAYA,KOTA SURABAYA,,,1700 ,
154,0,Ashitaki Mie Instan Ashitaba Shirataki 68 gram,18500,KAB. TANGERANG,KAB. TANGERANG,,,504 ,
155,0,Dry Shirataki atau Mie Shirataki (mie kering),39500,KOTA JAKARTA BARAT,KOTA JAKARTA BARAT,,,7300 ,
156,0,Mie Shirataki Hijau Basah Ketogenic Diet Keto 1 Dus 25 bungkus,182500,KAB. TANGERANG,KAB. TANGERANG,,,43 ,
157,0,Mie basah shirataki biru,475000,KOTA JAKARTA TIMUR,KOTA JAKARTA TIMUR,,,56 ,
158,0,mie kering sirataki/gluten free/diet keto/dry noodle sirataki 250gr(pakai kurir anter aja wajib),"55000
38500",KOTA DEPOK,KOTA DEPOK,,,826 ,
159,0,Ashitaki Mi Goreng Original 1 DUS ISI 12PCS (12x75gr),227100,KOTA TANGERANG SELATAN,KOTA TANGERANG SELATAN,,,65 ,
160,0,Ashitaki Mie Rebus Low Calori - Kari Ayam,"22000
19100",KOTA JAKARTA UTARA,KOTA JAKARTA UTARA,,,34 ,
161,0,mie shirataki basah hijau/ wet noddle shirataki green 200gr cocok untuk diet,"15000
8700",KOTA DEPOK,KOTA DEPOK,,,191 ,
162,0,Mr. Ishii Lokal - Mie Shirataki Ito Konnyaku 200 g,"9900
8900",KOTA JAKARTA SELATAN,KOTA JAKARTA SELATAN,,,2600 ,
163,0,"khusus gojek Mie shirataki basah , wet sirataki noodle , diet keto / ketogenic 1dus",185000,KOTA JAKARTA UTARA,KOTA JAKARTA UTARA,,,525 ,
164,0,"Mie Shirataki Basah Instan | Mie Shirataki Basah + Bumbu + Ayam | Halal
Hadiah Gratis",10360 - 18000,KOTA SURABAYA,KOTA SURABAYA,,,715 ,
165,0,ASHITAKI Mie Shirataki - Mi Instan Diet Sehat - Ashitaba Konjac Noodle - Rendah Kalori,19900 - 20400,KOTA SURABAYA,KOTA SURABAYA,,,283 ,
166,0,Mie Shirataki Noodle Fitmee Soto Bolognese Goreng Carbonara,17750 - 20000,KOTA JAKARTA BARAT,KOTA JAKARTA BARAT,,,1600 ,
167,0,"Mie Shirataki Basah | Wet Shirataki Kwetiau Noodle | 350gram | Halal MUI Diet Keto NoGluten Konnyaku
Hadiah Gratis","20000
8500",KOTA SURABAYA,KOTA SURABAYA,,,330 ,
168,0,Mr Ishii Mie Shirataki Basah 200 gr,9600,KOTA MEDAN,KOTA MEDAN,,,154 ,
169,0,Mie Basah Shirataki / Shirataki Wet Noodle / Shirataki Itto / Mie Basah Matang / Diet Keto [200 gr],7400 - 7920,KOTA MALANG,KOTA MALANG,,,200 ,
170,0,Mie Shirataki Kering Dry Shirataki Ketogenic Diet Keto Low Carbo 250gr,45000,KOTA MAKASSAR,KOTA MAKASSAR,,,204 ,
171,0,Mie Shirataki Wet noodles isshi ito hijau isi 25 khusus gojek/grab,181500,KOTA JAKARTA BARAT,KOTA JAKARTA BARAT,,,27 ,
172,0,PAKET SHIRATAKI | Bihun - Mie - Tsubu - Fettucini Shirataki @ 1 pcs,"37730
32800",KOTA JAKARTA BARAT,KOTA JAKARTA BARAT,,,6 ,
173,0,Mie Kering Shirataki Dry Shirataki Noodle,39250,KOTA JAKARTA BARAT,KOTA JAKARTA BARAT,,,110 ,
174,0,Fit Mee Mie Shirataki Fitmee Beli 2 All Varian Gratis 1 Varian CARBONARA,18000,KOTA JAKARTA UTARA,KOTA JAKARTA UTARA,,,1000 ,
175,0,Mr Ishii Mie Shirataki Basah (200 gr),10999,KOTA MEDAN,KOTA MEDAN,,,1200 ,
176,0,Konnyaku Blok (Shirataki Konnyaku Low Carbs-Ketogenic) 500Gram,16000,KOTA TANGERANG SELATAN,KOTA TANGERANG SELATAN,,,539 ,
177,0,Ashitaki Mi Goreng Creamy Sauce 85gr (Mie Rendah Kalori),22700,KOTA JAKARTA TIMUR,KOTA JAKARTA TIMUR,,,96 ,
178,0,Ashitaki Mi Goreng Original 75gr (Mie Rendah Kalori),22700,KOTA JAKARTA TIMUR,KOTA JAKARTA TIMUR,,,247 ,
179,0,Ashitaki Mi Goreng Original,19900,KOTA TANGERANG SELATAN,KOTA TANGERANG SELATAN,,,18 ,
180,0,Paket Ashitaki 2,99000,KOTA TANGERANG SELATAN,KOTA TANGERANG SELATAN,,,9 ,
181,0,"Fitmee - FitMee BAYAM / (Shirataki Noodle) Low Calorie Mie Diet Bebas Kolestrol, Rendah Gula dan Tinggi Serat","18500
18250",KOTA TANGERANG SELATAN,KOTA TANGERANG SELATAN,,,1800 ,
182,0,"Ashitaki - Mi Goreng Original 75gr - Mie Tanpa Pengawet
Pilih 3, diskon 3%","24900
23500",KOTA JAKARTA PUSAT,KOTA JAKARTA PUSAT,,,2300 ,
183,0,Ashitaki Mie Rebus Soto - Goreng Original - Goreng ala Jepang,19240,KOTA JAKARTA TIMUR,KOTA JAKARTA TIMUR,,,1700 ,
184,0,"Ashitaki - Mi Rebus Soto 75gr - Mie Rendah Kalori
Pilih 3, diskon 3%","24900
23500",KOTA JAKARTA PUSAT,KOTA JAKARTA PUSAT,,,1900 ,
185,0,Fit Mee Mie Konyaku Shirataki Mie Goreng - Soto Low Callories,17700,KOTA JAKARTA BARAT,KOTA JAKARTA BARAT,,,3100 ,
186,0,"ASHITAKI MIE SHIRATAKI DIET SEHAT | SHIRATAKI NOODLE MIE INSTAN
Cashback 50%",18999,KAB. TANGERANG,KAB. TANGERANG,,,3600 ,
187,0,Ashitaki mie Rendah Kalori,"20000
18800",KOTA DEPOK,KOTA DEPOK,,,100 ,
188,0,Ashitaki - Mie Rendah Kalori Shirataki Tanpa Pengawet Mi Goreng Jepang Goreng Original,19053 - 39572,KOTA JAKARTA BARAT,KOTA JAKARTA BARAT,,,90 ,
189,0,Shirataki Vermicelli Noodle | Mie Shirataki | Mie Keto 250g,29870,KOTA SURABAYA,KOTA SURABAYA,,,61 ,
190,0,ASHITAKI MIE SHIRATAKI DIET SEHAT ASHITABA | SHIRATAKI NOODLE MIE INSTAN,19790 - 20490,KAB. TANGERANG,KAB. TANGERANG,,,1000 ,
191,0,Ashitaki - Mie Shirataki Diet Sehat | Shirataki Noodle Mie Instant,"25000
19950",KOTA TANGERANG SELATAN,KOTA TANGERANG SELATAN,,,950 ,
192,0,Dry Shirataki - Mie Kering Shirataki ( isi 10pcs ) 250g,39000,KOTA JAKARTA BARAT,KOTA JAKARTA BARAT,,,200 ,
193,0,"ASHITAKI MIE GORENG JEPANG ORIGINAL SOTO VEGAN KARI PEDAS BULGOGI CREAMY SAUCE SHIRATAKI ASHITABA MI SIRATAKI DIET KONYAKU NASI BERAS SIRATAKI PORANG BASAH KERING RICE NOODLE DEBM KETO PENURUN BERAT BADAN PELANGSING PRUNE PLUM CHIA SEED FITMEE FITME CIA
Pilih 3, diskon 1%","30000
19900",KOTA MADIUN,KOTA MADIUN,,,1100 ,
194,0,Mie Diet Sehat / Mie Shirataki kering / Mie Shirataki,9990 - 44990,KOTA DENPASAR,KOTA DENPASAR,,,16 ,
195,0,Fit mee Mie Shirataki Rasa Mie goreng korea Keto,15499,KAB. TANGERANG,KAB. TANGERANG,,,1300 ,
196,0,"Wet Shirataki Noodle (Mie Shirataki Basah) 200Gram
Pilih 2, bayar Rp17.500",8550,KOTA TANGERANG SELATAN,KOTA TANGERANG SELATAN,,,3100 ,
197,0,Fitmee Mie Shirataki Shiratake Sirataki Konnyaku Instan Halal,16800,KAB. TANGERANG,KAB. TANGERANG,,,468 ,
198,0,FITMEE Mie Diet Shirataki / Mie Low Carbo (92 gram) - All Variant,18900,KOTA JAKARTA UTARA,KOTA JAKARTA UTARA,,,1700 ,
199,0,ASHITAKI MIE SHIRATAKI DIET SEHAT | SHIRATAKI NOODLE MIE INSTAN,18499,KAB. TANGERANG,KAB. TANGERANG,,,1700 ,
200,0,Mie Low Callories Ashitaki Ashitaba Shirataki,19800,KOTA JAKARTA BARAT,KOTA JAKARTA BARAT,,,350 ,
201,0,Ashitaki Mie Shirataki Instant Diet,"24999
24599",KOTA MEDAN,KOTA MEDAN,,,439 ,
202,0,Mie shirataki bihun shirataki fettucini tsubu shirataki,8200 - 9200,KOTA JAKARTA BARAT,KOTA JAKARTA BARAT,,,491 ,
203,0,Fitmee Mie Shirataki Shiratake Sirataki Konnyaku Instan Halal,16800,KAB. TANGERANG,KAB. TANGERANG,,,392 ,
204,0,Wet Shirataki Noodle (Mie Shirataki Basah) Per-Dus/Carton,190000,KOTA TANGERANG SELATAN,KOTA TANGERANG SELATAN,,,189 ,
205,0,Ashitaki Mi Instan (Ashitaba & Shirataki),18490 - 18990,KOTA BANDUNG,KOTA BANDUNG,,,1000 ,
206,0,Fitmee Mie Shirataki - Konnyaku Sehat Instan Halal Fitmee Ayam Bawang Soto Carbonara,18200 - 36400,KOTA JAKARTA BARAT,KOTA JAKARTA BARAT,,,724 ,
207,0,"FITMEE MIE SHIRATAKI ALL VARIAN | SHIRATAKI NOODLE MIE SEHAT Bonus KORORO
Cashback 50%",15499,KAB. TANGERANG,KAB. TANGERANG,,,5100 ,
208,0,FITMEE MIE SHIRATAKI ALL VARIAN | SHIRATAKI NOODLE MIE SEHAT,"25000
18499",KAB. TANGERANG,KAB. TANGERANG,,,1000 ,
209,0,Fitmee - Fit Mee / Mie Shirataki Goreng Korea / Soto / Carbonara / Ayam / Bolognese / Goreng Sapi,18900,KOTA JAKARTA UTARA,KOTA JAKARTA UTARA,,,2200 ,
210,0,Mie Shirataki Basah Ketogenic Diet Keto 1 Dus 25 x 200 gr - Mr Ishii,175000,KOTA SURABAYA,KOTA SURABAYA,,,165 ,
211,0,Shirataki Noodle Hijau Mr Ishii | Mie Shirataki Jepang Halal 200 gr,10500,KOTA TANGERANG SELATAN,KOTA TANGERANG SELATAN,,,2900 ,
212,0,ASHITAKI Mi Rebus Shirataki Soto - Diet Keto Non MSG,18780,KOTA SURABAYA,KOTA SURABAYA,,,196 ,
213,0,Ashitaki Mie Shirataki Rebus Soto / Kari Ayam - Instanst sehat NON MSG low carbo diet keto,18700,KOTA SURABAYA,KOTA SURABAYA,,,1700 ,
214,0,Ashitaki Mie Instan Ashitaba Shirataki 68 gram,18500,KAB. TANGERANG,KAB. TANGERANG,,,504 ,
215,0,Dry Shirataki atau Mie Shirataki (mie kering),39500,KOTA JAKARTA BARAT,KOTA JAKARTA BARAT,,,7300 ,
216,0,Mie Shirataki Hijau Basah Ketogenic Diet Keto 1 Dus 25 bungkus,182500,KAB. TANGERANG,KAB. TANGERANG,,,43 ,
217,0,Mie basah shirataki biru,475000,KOTA JAKARTA TIMUR,KOTA JAKARTA TIMUR,,,56 ,
218,0,mie kering sirataki/gluten free/diet keto/dry noodle sirataki 250gr(pakai kurir anter aja wajib),"55000
38500",KOTA DEPOK,KOTA DEPOK,,,826 ,
219,0,Ashitaki Mi Goreng Original 1 DUS ISI 12PCS (12x75gr),227100,KOTA TANGERANG SELATAN,KOTA TANGERANG SELATAN,,,65 ,
220,0,Ashitaki Mie Rebus Low Calori - Kari Ayam,"22000
19100",KOTA JAKARTA UTARA,KOTA JAKARTA UTARA,,,34 ,
221,0,mie shirataki basah hijau/ wet noddle shirataki green 200gr cocok untuk diet,"15000
8700",KOTA DEPOK,KOTA DEPOK,,,191 ,
222,0,Mr. Ishii Lokal - Mie Shirataki Ito Konnyaku 200 g,"9900
8900",KOTA JAKARTA SELATAN,KOTA JAKARTA SELATAN,,,2600 ,
223,0,"khusus gojek Mie shirataki basah , wet sirataki noodle , diet keto / ketogenic 1dus",185000,KOTA JAKARTA UTARA,KOTA JAKARTA UTARA,,,525 ,
224,0,"Mie Shirataki Basah Instan | Mie Shirataki Basah + Bumbu + Ayam | Halal
Hadiah Gratis",10360 - 18000,KOTA SURABAYA,KOTA SURABAYA,,,715 ,
225,0,ASHITAKI Mie Shirataki - Mi Instan Diet Sehat - Ashitaba Konjac Noodle - Rendah Kalori,19900 - 20400,KOTA SURABAYA,KOTA SURABAYA,,,283 ,
226,0,Mie Shirataki Noodle Fitmee Soto Bolognese Goreng Carbonara,17750 - 20000,KOTA JAKARTA BARAT,KOTA JAKARTA BARAT,,,1600 ,
227,0,"Mie Shirataki Basah | Wet Shirataki Kwetiau Noodle | 350gram | Halal MUI Diet Keto NoGluten Konnyaku
Hadiah Gratis","20000
8500",KOTA SURABAYA,KOTA SURABAYA,,,330 ,
228,0,Mr Ishii Mie Shirataki Basah 200 gr,9600,KOTA MEDAN,KOTA MEDAN,,,154 ,
229,0,Mie Basah Shirataki / Shirataki Wet Noodle / Shirataki Itto / Mie Basah Matang / Diet Keto [200 gr],7400 - 7920,KOTA MALANG,KOTA MALANG,,,200 ,
230,0,Mie Shirataki Kering Dry Shirataki Ketogenic Diet Keto Low Carbo 250gr,45000,KOTA MAKASSAR,KOTA MAKASSAR,,,204 ,
231,0,Mie Shirataki Wet noodles isshi ito hijau isi 25 khusus gojek/grab,181500,KOTA JAKARTA BARAT,KOTA JAKARTA BARAT,,,27 ,
232,0,PAKET SHIRATAKI | Bihun - Mie - Tsubu - Fettucini Shirataki @ 1 pcs,"37730
32800",KOTA JAKARTA BARAT,KOTA JAKARTA BARAT,,,6 ,
233,0,Mie Kering Shirataki Dry Shirataki Noodle,39250,KOTA JAKARTA BARAT,KOTA JAKARTA BARAT,,,110 ,
234,0,Fit Mee Mie Shirataki Fitmee Beli 2 All Varian Gratis 1 Varian CARBONARA,18000,KOTA JAKARTA UTARA,KOTA JAKARTA UTARA,,,1000 ,
235,0,Mr Ishii Mie Shirataki Basah (200 gr),10999,KOTA MEDAN,KOTA MEDAN,,,1200 ,
236,0,Konnyaku Blok (Shirataki Konnyaku Low Carbs-Ketogenic) 500Gram,16000,KOTA TANGERANG SELATAN,KOTA TANGERANG SELATAN,,,539 ,
237,0,Ashitaki Mi Goreng Creamy Sauce 85gr (Mie Rendah Kalori),22700,KOTA JAKARTA TIMUR,KOTA JAKARTA TIMUR,,,96 ,
238,0,Ashitaki Mi Goreng Original 75gr (Mie Rendah Kalori),22700,KOTA JAKARTA TIMUR,KOTA JAKARTA TIMUR,,,247 ,
239,0,Ashitaki Mi Goreng Original,19900,KOTA TANGERANG SELATAN,KOTA TANGERANG SELATAN,,,18 ,
240,0,Paket Ashitaki 2,99000,KOTA TANGERANG SELATAN,KOTA TANGERANG SELATAN,,,9 ,
241,0,"Fitmee - FitMee BAYAM / (Shirataki Noodle) Low Calorie Mie Diet Bebas Kolestrol, Rendah Gula dan Tinggi Serat","18500
18250",KOTA TANGERANG SELATAN,KOTA TANGERANG SELATAN,,,1800 ,
242,0,"Ashitaki - Mi Goreng Original 75gr - Mie Tanpa Pengawet
Pilih 3, diskon 3%","24900
23500",KOTA JAKARTA PUSAT,KOTA JAKARTA PUSAT,,,2300 ,
243,0,Ashitaki Mie Rebus Soto - Goreng Original - Goreng ala Jepang,19240,KOTA JAKARTA TIMUR,KOTA JAKARTA TIMUR,,,1700 ,
244,0,"Ashitaki - Mi Rebus Soto 75gr - Mie Rendah Kalori
Pilih 3, diskon 3%","24900
23500",KOTA JAKARTA PUSAT,KOTA JAKARTA PUSAT,,,1900 ,
245,0,Fit Mee Mie Konyaku Shirataki Mie Goreng - Soto Low Callories,17700,KOTA JAKARTA BARAT,KOTA JAKARTA BARAT,,,3100 ,
246,0,"ASHITAKI MIE SHIRATAKI DIET SEHAT | SHIRATAKI NOODLE MIE INSTAN
Cashback 50%",18999,KAB. TANGERANG,KAB. TANGERANG,,,3600 ,
247,0,Ashitaki mie Rendah Kalori,"20000
18800",KOTA DEPOK,KOTA DEPOK,,,100 ,
248,0,Ashitaki - Mie Rendah Kalori Shirataki Tanpa Pengawet Mi Goreng Jepang Goreng Original,19053 - 39572,KOTA JAKARTA BARAT,KOTA JAKARTA BARAT,,,90 ,
249,0,Shirataki Vermicelli Noodle | Mie Shirataki | Mie Keto 250g,29870,KOTA SURABAYA,KOTA SURABAYA,,,61 ,
250,0,ASHITAKI MIE SHIRATAKI DIET SEHAT ASHITABA | SHIRATAKI NOODLE MIE INSTAN,19790 - 20490,KAB. TANGERANG,KAB. TANGERANG,,,1000 ,
251,0,Ashitaki - Mie Shirataki Diet Sehat | Shirataki Noodle Mie Instant,"25000
19950",KOTA TANGERANG SELATAN,KOTA TANGERANG SELATAN,,,950 ,
252,0,Dry Shirataki - Mie Kering Shirataki ( isi 10pcs ) 250g,39000,KOTA JAKARTA BARAT,KOTA JAKARTA BARAT,,,200 ,
253,0,"ASHITAKI MIE GORENG JEPANG ORIGINAL SOTO VEGAN KARI PEDAS BULGOGI CREAMY SAUCE SHIRATAKI ASHITABA MI SIRATAKI DIET KONYAKU NASI BERAS SIRATAKI PORANG BASAH KERING RICE NOODLE DEBM KETO PENURUN BERAT BADAN PELANGSING PRUNE PLUM CHIA SEED FITMEE FITME CIA
Pilih 3, diskon 1%","30000
19900",KOTA MADIUN,KOTA MADIUN,,,1100 ,
254,0,Mie Diet Sehat / Mie Shirataki kering / Mie Shirataki,9990 - 44990,KOTA DENPASAR,KOTA DENPASAR,,,16 ,
255,0,Fit mee Mie Shirataki Rasa Mie goreng korea Keto,15499,KAB. TANGERANG,KAB. TANGERANG,,,1300 ,
256,0,"Wet Shirataki Noodle (Mie Shirataki Basah) 200Gram
Pilih 2, bayar Rp17.500",8550,KOTA TANGERANG SELATAN,KOTA TANGERANG SELATAN,,,3100 ,
257,0,Fitmee Mie Shirataki Shiratake Sirataki Konnyaku Instan Halal,16800,KAB. TANGERANG,KAB. TANGERANG,,,468 ,
258,0,FITMEE Mie Diet Shirataki / Mie Low Carbo (92 gram) - All Variant,18900,KOTA JAKARTA UTARA,KOTA JAKARTA UTARA,,,1700 ,
259,0,ASHITAKI MIE SHIRATAKI DIET SEHAT | SHIRATAKI NOODLE MIE INSTAN,18499,KAB. TANGERANG,KAB. TANGERANG,,,1700 ,
260,0,Mie Low Callories Ashitaki Ashitaba Shirataki,19800,KOTA JAKARTA BARAT,KOTA JAKARTA BARAT,,,350 ,
261,0,Ashitaki Mie Shirataki Instant Diet,"24999
24599",KOTA MEDAN,KOTA MEDAN,,,439 ,
262,0,Mie shirataki bihun shirataki fettucini tsubu shirataki,8200 - 9200,KOTA JAKARTA BARAT,KOTA JAKARTA BARAT,,,491 ,
263,0,Fitmee Mie Shirataki Shiratake Sirataki Konnyaku Instan Halal,16800,KAB. TANGERANG,KAB. TANGERANG,,,392 ,
264,0,Wet Shirataki Noodle (Mie Shirataki Basah) Per-Dus/Carton,190000,KOTA TANGERANG SELATAN,KOTA TANGERANG SELATAN,,,189 ,
265,0,Ashitaki Mi Instan (Ashitaba & Shirataki),18490 - 18990,KOTA BANDUNG,KOTA BANDUNG,,,1000 ,
266,0,Fitmee Mie Shirataki - Konnyaku Sehat Instan Halal Fitmee Ayam Bawang Soto Carbonara,18200 - 36400,KOTA JAKARTA BARAT,KOTA JAKARTA BARAT,,,724 ,
267,0,"FITMEE MIE SHIRATAKI ALL VARIAN | SHIRATAKI NOODLE MIE SEHAT Bonus KORORO
Cashback 50%",15499,KAB. TANGERANG,KAB. TANGERANG,,,5100 ,
268,0,FITMEE MIE SHIRATAKI ALL VARIAN | SHIRATAKI NOODLE MIE SEHAT,"25000
18499",KAB. TANGERANG,KAB. TANGERANG,,,1000 ,
269,0,Fitmee - Fit Mee / Mie Shirataki Goreng Korea / Soto / Carbonara / Ayam / Bolognese / Goreng Sapi,18900,KOTA JAKARTA UTARA,KOTA JAKARTA UTARA,,,2200 ,
270,0,Mie Shirataki Basah Ketogenic Diet Keto 1 Dus 25 x 200 gr - Mr Ishii,175000,KOTA SURABAYA,KOTA SURABAYA,,,165 ,
271,0,Shirataki Noodle Hijau Mr Ishii | Mie Shirataki Jepang Halal 200 gr,10500,KOTA TANGERANG SELATAN,KOTA TANGERANG SELATAN,,,2900 ,
272,0,ASHITAKI Mi Rebus Shirataki Soto - Diet Keto Non MSG,18780,KOTA SURABAYA,KOTA SURABAYA,,,196 ,
273,0,Ashitaki Mie Shirataki Rebus Soto / Kari Ayam - Instanst sehat NON MSG low carbo diet keto,18700,KOTA SURABAYA,KOTA SURABAYA,,,1700 ,
274,0,Ashitaki Mie Instan Ashitaba Shirataki 68 gram,18500,KAB. TANGERANG,KAB. TANGERANG,,,504 ,
275,0,Dry Shirataki atau Mie Shirataki (mie kering),39500,KOTA JAKARTA BARAT,KOTA JAKARTA BARAT,,,7300 ,
276,0,Mie Shirataki Hijau Basah Ketogenic Diet Keto 1 Dus 25 bungkus,182500,KAB. TANGERANG,KAB. TANGERANG,,,43 ,
277,0,Mie basah shirataki biru,475000,KOTA JAKARTA TIMUR,KOTA JAKARTA TIMUR,,,56 ,
278,0,mie kering sirataki/gluten free/diet keto/dry noodle sirataki 250gr(pakai kurir anter aja wajib),"55000
38500",KOTA DEPOK,KOTA DEPOK,,,826 ,
279,0,Ashitaki Mi Goreng Original 1 DUS ISI 12PCS (12x75gr),227100,KOTA TANGERANG SELATAN,KOTA TANGERANG SELATAN,,,65 ,
280,0,Ashitaki Mie Rebus Low Calori - Kari Ayam,"22000
19100",KOTA JAKARTA UTARA,KOTA JAKARTA UTARA,,,34 ,
281,0,mie shirataki basah hijau/ wet noddle shirataki green 200gr cocok untuk diet,"15000
8700",KOTA DEPOK,KOTA DEPOK,,,191 ,
282,0,Mr. Ishii Lokal - Mie Shirataki Ito Konnyaku 200 g,"9900
8900",KOTA JAKARTA SELATAN,KOTA JAKARTA SELATAN,,,2600 ,
283,0,"khusus gojek Mie shirataki basah , wet sirataki noodle , diet keto / ketogenic 1dus",185000,KOTA JAKARTA UTARA,KOTA JAKARTA UTARA,,,525 ,
284,0,"Mie Shirataki Basah Instan | Mie Shirataki Basah + Bumbu + Ayam | Halal
Hadiah Gratis",10360 - 18000,KOTA SURABAYA,KOTA SURABAYA,,,715 ,
285,0,ASHITAKI Mie Shirataki - Mi Instan Diet Sehat - Ashitaba Konjac Noodle - Rendah Kalori,19900 - 20400,KOTA SURABAYA,KOTA SURABAYA,,,283 ,
286,0,Mie Shirataki Noodle Fitmee Soto Bolognese Goreng Carbonara,17750 - 20000,KOTA JAKARTA BARAT,KOTA JAKARTA BARAT,,,1600 ,
287,0,"Mie Shirataki Basah | Wet Shirataki Kwetiau Noodle | 350gram | Halal MUI Diet Keto NoGluten Konnyaku
Hadiah Gratis","20000
8500",KOTA SURABAYA,KOTA SURABAYA,,,330 ,
288,0,Mr Ishii Mie Shirataki Basah 200 gr,9600,KOTA MEDAN,KOTA MEDAN,,,154 ,
289,0,Mie Basah Shirataki / Shirataki Wet Noodle / Shirataki Itto / Mie Basah Matang / Diet Keto [200 gr],7400 - 7920,KOTA MALANG,KOTA MALANG,,,200 ,
290,0,Mie Shirataki Kering Dry Shirataki Ketogenic Diet Keto Low Carbo 250gr,45000,KOTA MAKASSAR,KOTA MAKASSAR,,,204 ,
291,0,Mie Shirataki Wet noodles isshi ito hijau isi 25 khusus gojek/grab,181500,KOTA JAKARTA BARAT,KOTA JAKARTA BARAT,,,27 ,
292,0,PAKET SHIRATAKI | Bihun - Mie - Tsubu - Fettucini Shirataki @ 1 pcs,"37730
32800",KOTA JAKARTA BARAT,KOTA JAKARTA BARAT,,,6 ,
293,0,Mie Kering Shirataki Dry Shirataki Noodle,39250,KOTA JAKARTA BARAT,KOTA JAKARTA BARAT,,,110 ,
294,0,Fit Mee Mie Shirataki Fitmee Beli 2 All Varian Gratis 1 Varian CARBONARA,18000,KOTA JAKARTA UTARA,KOTA JAKARTA UTARA,,,1000 ,
295,0,Mr Ishii Mie Shirataki Basah (200 gr),10999,KOTA MEDAN,KOTA MEDAN,,,1200 ,
296,0,Konnyaku Blok (Shirataki Konnyaku Low Carbs-Ketogenic) 500Gram,16000,KOTA TANGERANG SELATAN,KOTA TANGERANG SELATAN,,,539 ,
297,0,Ashitaki Mi Goreng Creamy Sauce 85gr (Mie Rendah Kalori),22700,KOTA JAKARTA TIMUR,KOTA JAKARTA TIMUR,,,96 ,
298,0,Ashitaki Mi Goreng Original 75gr (Mie Rendah Kalori),22700,KOTA JAKARTA TIMUR,KOTA JAKARTA TIMUR,,,247 ,
299,0,Ashitaki Mi Goreng Original,19900,KOTA TANGERANG SELATAN,KOTA TANGERANG SELATAN,,,18 ,
300,0,Paket Ashitaki 2,99000,KOTA TANGERANG SELATAN,KOTA TANGERANG SELATAN,,,9 ,
301,0,"Fitmee - FitMee BAYAM / (Shirataki Noodle) Low Calorie Mie Diet Bebas Kolestrol, Rendah Gula dan Tinggi Serat","18500
18250",KOTA TANGERANG SELATAN,KOTA TANGERANG SELATAN,,,1800 ,
302,0,"Ashitaki - Mi Goreng Original 75gr - Mie Tanpa Pengawet
Pilih 3, diskon 3%","24900
23500",KOTA JAKARTA PUSAT,KOTA JAKARTA PUSAT,,,2300 ,
303,0,Ashitaki Mie Rebus Soto - Goreng Original - Goreng ala Jepang,19240,KOTA JAKARTA TIMUR,KOTA JAKARTA TIMUR,,,1700 ,
304,0,"Ashitaki - Mi Rebus Soto 75gr - Mie Rendah Kalori
Pilih 3, diskon 3%","24900
23500",KOTA JAKARTA PUSAT,KOTA JAKARTA PUSAT,,,1900 ,
305,0,Fit Mee Mie Konyaku Shirataki Mie Goreng - Soto Low Callories,17700,KOTA JAKARTA BARAT,KOTA JAKARTA BARAT,,,3100 ,
306,0,"ASHITAKI MIE SHIRATAKI DIET SEHAT | SHIRATAKI NOODLE MIE INSTAN
Cashback 50%",18999,KAB. TANGERANG,KAB. TANGERANG,,,3600 ,
307,0,Ashitaki mie Rendah Kalori,"20000
18800",KOTA DEPOK,KOTA DEPOK,,,100 ,
308,0,Ashitaki - Mie Rendah Kalori Shirataki Tanpa Pengawet Mi Goreng Jepang Goreng Original,19053 - 39572,KOTA JAKARTA BARAT,KOTA JAKARTA BARAT,,,90 ,
309,0,Shirataki Vermicelli Noodle | Mie Shirataki | Mie Keto 250g,29870,KOTA SURABAYA,KOTA SURABAYA,,,61 ,
310,0,ASHITAKI MIE SHIRATAKI DIET SEHAT ASHITABA | SHIRATAKI NOODLE MIE INSTAN,19790 - 20490,KAB. TANGERANG,KAB. TANGERANG,,,1000 ,
311,0,Ashitaki - Mie Shirataki Diet Sehat | Shirataki Noodle Mie Instant,"25000
19950",KOTA TANGERANG SELATAN,KOTA TANGERANG SELATAN,,,950 ,
312,0,Dry Shirataki - Mie Kering Shirataki ( isi 10pcs ) 250g,39000,KOTA JAKARTA BARAT,KOTA JAKARTA BARAT,,,200 ,
313,0,"ASHITAKI MIE GORENG JEPANG ORIGINAL SOTO VEGAN KARI PEDAS BULGOGI CREAMY SAUCE SHIRATAKI ASHITABA MI SIRATAKI DIET KONYAKU NASI BERAS SIRATAKI PORANG BASAH KERING RICE NOODLE DEBM KETO PENURUN BERAT BADAN PELANGSING PRUNE PLUM CHIA SEED FITMEE FITME CIA
Pilih 3, diskon 1%","30000
19900",KOTA MADIUN,KOTA MADIUN,,,1100 ,
314,0,Mie Diet Sehat / Mie Shirataki kering / Mie Shirataki,9990 - 44990,KOTA DENPASAR,KOTA DENPASAR,,,16 ,
315,0,Fit mee Mie Shirataki Rasa Mie goreng korea Keto,15499,KAB. TANGERANG,KAB. TANGERANG,,,1300 ,
316,0,"Wet Shirataki Noodle (Mie Shirataki Basah) 200Gram
Pilih 2, bayar Rp17.500",8550,KOTA TANGERANG SELATAN,KOTA TANGERANG SELATAN,,,3100 ,
317,0,Fitmee Mie Shirataki Shiratake Sirataki Konnyaku Instan Halal,16800,KAB. TANGERANG,KAB. TANGERANG,,,468 ,
318,0,FITMEE Mie Diet Shirataki / Mie Low Carbo (92 gram) - All Variant,18900,KOTA JAKARTA UTARA,KOTA JAKARTA UTARA,,,1700 ,
319,0,ASHITAKI MIE SHIRATAKI DIET SEHAT | SHIRATAKI NOODLE MIE INSTAN,18499,KAB. TANGERANG,KAB. TANGERANG,,,1700 ,
320,0,Mie Low Callories Ashitaki Ashitaba Shirataki,19800,KOTA JAKARTA BARAT,KOTA JAKARTA BARAT,,,350 ,
321,0,Ashitaki Mie Shirataki Instant Diet,"24999
24599",KOTA MEDAN,KOTA MEDAN,,,439 ,
322,0,Mie shirataki bihun shirataki fettucini tsubu shirataki,8200 - 9200,KOTA JAKARTA BARAT,KOTA JAKARTA BARAT,,,491 ,
323,0,Fitmee Mie Shirataki Shiratake Sirataki Konnyaku Instan Halal,16800,KAB. TANGERANG,KAB. TANGERANG,,,392 ,
324,0,Wet Shirataki Noodle (Mie Shirataki Basah) Per-Dus/Carton,190000,KOTA TANGERANG SELATAN,KOTA TANGERANG SELATAN,,,189 ,
325,0,Ashitaki Mi Instan (Ashitaba & Shirataki),18490 - 18990,KOTA BANDUNG,KOTA BANDUNG,,,1000 ,
326,0,Fitmee Mie Shirataki - Konnyaku Sehat Instan Halal Fitmee Ayam Bawang Soto Carbonara,18200 - 36400,KOTA JAKARTA BARAT,KOTA JAKARTA BARAT,,,724 ,
327,0,"FITMEE MIE SHIRATAKI ALL VARIAN | SHIRATAKI NOODLE MIE SEHAT Bonus KORORO
Cashback 50%",15499,KAB. TANGERANG,KAB. TANGERANG,,,5100 ,
328,0,FITMEE MIE SHIRATAKI ALL VARIAN | SHIRATAKI NOODLE MIE SEHAT,"25000
18499",KAB. TANGERANG,KAB. TANGERANG,,,1000 ,
329,0,Fitmee - Fit Mee / Mie Shirataki Goreng Korea / Soto / Carbonara / Ayam / Bolognese / Goreng Sapi,18900,KOTA JAKARTA UTARA,KOTA JAKARTA UTARA,,,2200 ,
330,0,Mie Shirataki Basah Ketogenic Diet Keto 1 Dus 25 x 200 gr - Mr Ishii,175000,KOTA SURABAYA,KOTA SURABAYA,,,165 ,
331,0,Shirataki Noodle Hijau Mr Ishii | Mie Shirataki Jepang Halal 200 gr,10500,KOTA TANGERANG SELATAN,KOTA TANGERANG SELATAN,,,2900 ,
332,0,ASHITAKI Mi Rebus Shirataki Soto - Diet Keto Non MSG,18780,KOTA SURABAYA,KOTA SURABAYA,,,196 ,
333,0,Ashitaki Mie Shirataki Rebus Soto / Kari Ayam - Instanst sehat NON MSG low carbo diet keto,18700,KOTA SURABAYA,KOTA SURABAYA,,,1700 ,
334,0,Ashitaki Mie Instan Ashitaba Shirataki 68 gram,18500,KAB. TANGERANG,KAB. TANGERANG,,,504 ,
335,0,Dry Shirataki atau Mie Shirataki (mie kering),39500,KOTA JAKARTA BARAT,KOTA JAKARTA BARAT,,,7300 ,
336,0,Mie Shirataki Hijau Basah Ketogenic Diet Keto 1 Dus 25 bungkus,182500,KAB. TANGERANG,KAB. TANGERANG,,,43 ,
337,0,Mie basah shirataki biru,475000,KOTA JAKARTA TIMUR,KOTA JAKARTA TIMUR,,,56 ,
338,0,mie kering sirataki/gluten free/diet keto/dry noodle sirataki 250gr(pakai kurir anter aja wajib),"55000
38500",KOTA DEPOK,KOTA DEPOK,,,826 ,
339,0,Ashitaki Mi Goreng Original 1 DUS ISI 12PCS (12x75gr),227100,KOTA TANGERANG SELATAN,KOTA TANGERANG SELATAN,,,65 ,
340,0,Ashitaki Mie Rebus Low Calori - Kari Ayam,"22000
19100",KOTA JAKARTA UTARA,KOTA JAKARTA UTARA,,,34 ,
341,0,mie shirataki basah hijau/ wet noddle shirataki green 200gr cocok untuk diet,"15000
8700",KOTA DEPOK,KOTA DEPOK,,,191 ,
342,0,Mr. Ishii Lokal - Mie Shirataki Ito Konnyaku 200 g,"9900
8900",KOTA JAKARTA SELATAN,KOTA JAKARTA SELATAN,,,2600 ,
343,0,"khusus gojek Mie shirataki basah , wet sirataki noodle , diet keto / ketogenic 1dus",185000,KOTA JAKARTA UTARA,KOTA JAKARTA UTARA,,,525 ,
344,0,"Mie Shirataki Basah Instan | Mie Shirataki Basah + Bumbu + Ayam | Halal
Hadiah Gratis",10360 - 18000,KOTA SURABAYA,KOTA SURABAYA,,,715 ,
345,0,ASHITAKI Mie Shirataki - Mi Instan Diet Sehat - Ashitaba Konjac Noodle - Rendah Kalori,19900 - 20400,KOTA SURABAYA,KOTA SURABAYA,,,283 ,
346,0,Mie Shirataki Noodle Fitmee Soto Bolognese Goreng Carbonara,17750 - 20000,KOTA JAKARTA BARAT,KOTA JAKARTA BARAT,,,1600 ,
347,0,"Mie Shirataki Basah | Wet Shirataki Kwetiau Noodle | 350gram | Halal MUI Diet Keto NoGluten Konnyaku
Hadiah Gratis","20000
8500",KOTA SURABAYA,KOTA SURABAYA,,,330 ,
348,0,Mr Ishii Mie Shirataki Basah 200 gr,9600,KOTA MEDAN,KOTA MEDAN,,,154 ,
349,0,Mie Basah Shirataki / Shirataki Wet Noodle / Shirataki Itto / Mie Basah Matang / Diet Keto [200 gr],7400 - 7920,KOTA MALANG,KOTA MALANG,,,200 ,
350,0,Mie Shirataki Kering Dry Shirataki Ketogenic Diet Keto Low Carbo 250gr,45000,KOTA MAKASSAR,KOTA MAKASSAR,,,204 ,
351,0,Mie Shirataki Wet noodles isshi ito hijau isi 25 khusus gojek/grab,181500,KOTA JAKARTA BARAT,KOTA JAKARTA BARAT,,,27 ,
352,0,PAKET SHIRATAKI | Bihun - Mie - Tsubu - Fettucini Shirataki @ 1 pcs,"37730
32800",KOTA JAKARTA BARAT,KOTA JAKARTA BARAT,,,6 ,
353,0,Mie Kering Shirataki Dry Shirataki Noodle,39250,KOTA JAKARTA BARAT,KOTA JAKARTA BARAT,,,110 ,
354,0,Fit Mee Mie Shirataki Fitmee Beli 2 All Varian Gratis 1 Varian CARBONARA,18000,KOTA JAKARTA UTARA,KOTA JAKARTA UTARA,,,1000 ,
355,0,Mr Ishii Mie Shirataki Basah (200 gr),10999,KOTA MEDAN,KOTA MEDAN,,,1200 ,
356,0,Konnyaku Blok (Shirataki Konnyaku Low Carbs-Ketogenic) 500Gram,16000,KOTA TANGERANG SELATAN,KOTA TANGERANG SELATAN,,,539 ,
357,0,Ashitaki Mi Goreng Creamy Sauce 85gr (Mie Rendah Kalori),22700,KOTA JAKARTA TIMUR,KOTA JAKARTA TIMUR,,,96 ,
358,0,Ashitaki Mi Goreng Original 75gr (Mie Rendah Kalori),22700,KOTA JAKARTA TIMUR,KOTA JAKARTA TIMUR,,,247 ,
359,0,Ashitaki Mi Goreng Original,19900,KOTA TANGERANG SELATAN,KOTA TANGERANG SELATAN,,,18 ,
360,0,Paket Ashitaki 2,99000,KOTA TANGERANG SELATAN,KOTA TANGERANG SELATAN,,,9 ,
361,0,"Fitmee - FitMee BAYAM / (Shirataki Noodle) Low Calorie Mie Diet Bebas Kolestrol, Rendah Gula dan Tinggi Serat","18500
18250",KOTA TANGERANG SELATAN,KOTA TANGERANG SELATAN,,,1800 ,
362,0,"Ashitaki - Mi Goreng Original 75gr - Mie Tanpa Pengawet
Pilih 3, diskon 3%","24900
23500",KOTA JAKARTA PUSAT,KOTA JAKARTA PUSAT,,,2300 ,
363,0,Ashitaki Mie Rebus Soto - Goreng Original - Goreng ala Jepang,19240,KOTA JAKARTA TIMUR,KOTA JAKARTA TIMUR,,,1700 ,
364,0,"Ashitaki - Mi Rebus Soto 75gr - Mie Rendah Kalori
Pilih 3, diskon 3%","24900
23500",KOTA JAKARTA PUSAT,KOTA JAKARTA PUSAT,,,1900 ,
365,0,Fit Mee Mie Konyaku Shirataki Mie Goreng - Soto Low Callories,17700,KOTA JAKARTA BARAT,KOTA JAKARTA BARAT,,,3100 ,
366,0,"ASHITAKI MIE SHIRATAKI DIET SEHAT | SHIRATAKI NOODLE MIE INSTAN
Cashback 50%",18999,KAB. TANGERANG,KAB. TANGERANG,,,3600 ,
367,0,Ashitaki mie Rendah Kalori,"20000
18800",KOTA DEPOK,KOTA DEPOK,,,100 ,
368,0,Ashitaki - Mie Rendah Kalori Shirataki Tanpa Pengawet Mi Goreng Jepang Goreng Original,19053 - 39572,KOTA JAKARTA BARAT,KOTA JAKARTA BARAT,,,90 ,
369,0,Shirataki Vermicelli Noodle | Mie Shirataki | Mie Keto 250g,29870,KOTA SURABAYA,KOTA SURABAYA,,,61 ,
370,0,ASHITAKI MIE SHIRATAKI DIET SEHAT ASHITABA | SHIRATAKI NOODLE MIE INSTAN,19790 - 20490,KAB. TANGERANG,KAB. TANGERANG,,,1000 ,
371,0,Ashitaki - Mie Shirataki Diet Sehat | Shirataki Noodle Mie Instant,"25000
19950",KOTA TANGERANG SELATAN,KOTA TANGERANG SELATAN,,,950 ,
372,0,Dry Shirataki - Mie Kering Shirataki ( isi 10pcs ) 250g,39000,KOTA JAKARTA BARAT,KOTA JAKARTA BARAT,,,200 ,
373,0,"ASHITAKI MIE GORENG JEPANG ORIGINAL SOTO VEGAN KARI PEDAS BULGOGI CREAMY SAUCE SHIRATAKI ASHITABA MI SIRATAKI DIET KONYAKU NASI BERAS SIRATAKI PORANG BASAH KERING RICE NOODLE DEBM KETO PENURUN BERAT BADAN PELANGSING PRUNE PLUM CHIA SEED FITMEE FITME CIA
Pilih 3, diskon 1%","30000
19900",KOTA MADIUN,KOTA MADIUN,,,1100 ,
374,0,Mie Diet Sehat / Mie Shirataki kering / Mie Shirataki,9990 - 44990,KOTA DENPASAR,KOTA DENPASAR,,,16 ,
375,0,Fit mee Mie Shirataki Rasa Mie goreng korea Keto,15499,KAB. TANGERANG,KAB. TANGERANG,,,1300 ,
376,0,"Wet Shirataki Noodle (Mie Shirataki Basah) 200Gram
Pilih 2, bayar Rp17.500",8550,KOTA TANGERANG SELATAN,KOTA TANGERANG SELATAN,,,3100 ,
377,0,Fitmee Mie Shirataki Shiratake Sirataki Konnyaku Instan Halal,16800,KAB. TANGERANG,KAB. TANGERANG,,,468 ,
378,0,FITMEE Mie Diet Shirataki / Mie Low Carbo (92 gram) - All Variant,18900,KOTA JAKARTA UTARA,KOTA JAKARTA UTARA,,,1700 ,
379,0,ASHITAKI MIE SHIRATAKI DIET SEHAT | SHIRATAKI NOODLE MIE INSTAN,18499,KAB. TANGERANG,KAB. TANGERANG,,,1700 ,
380,0,Mie Low Callories Ashitaki Ashitaba Shirataki,19800,KOTA JAKARTA BARAT,KOTA JAKARTA BARAT,,,350 ,
381,0,Ashitaki Mie Shirataki Instant Diet,"24999
24599",KOTA MEDAN,KOTA MEDAN,,,439 ,
382,0,Mie shirataki bihun shirataki fettucini tsubu shirataki,8200 - 9200,KOTA JAKARTA BARAT,KOTA JAKARTA BARAT,,,491 ,
383,0,Fitmee Mie Shirataki Shiratake Sirataki Konnyaku Instan Halal,16800,KAB. TANGERANG,KAB. TANGERANG,,,392 ,
384,0,Wet Shirataki Noodle (Mie Shirataki Basah) Per-Dus/Carton,190000,KOTA TANGERANG SELATAN,KOTA TANGERANG SELATAN,,,189 ,
385,0,Ashitaki Mi Instan (Ashitaba & Shirataki),18490 - 18990,KOTA BANDUNG,KOTA BANDUNG,,,1000 ,
386,0,Fitmee Mie Shirataki - Konnyaku Sehat Instan Halal Fitmee Ayam Bawang Soto Carbonara,18200 - 36400,KOTA JAKARTA BARAT,KOTA JAKARTA BARAT,,,724 ,
387,0,"FITMEE MIE SHIRATAKI ALL VARIAN | SHIRATAKI NOODLE MIE SEHAT Bonus KORORO
Cashback 50%",15499,KAB. TANGERANG,KAB. TANGERANG,,,5100 ,
388,0,FITMEE MIE SHIRATAKI ALL VARIAN | SHIRATAKI NOODLE MIE SEHAT,"25000
18499",KAB. TANGERANG,KAB. TANGERANG,,,1000 ,
389,0,Fitmee - Fit Mee / Mie Shirataki Goreng Korea / Soto / Carbonara / Ayam / Bolognese / Goreng Sapi,18900,KOTA JAKARTA UTARA,KOTA JAKARTA UTARA,,,2200 ,
390,0,Mie Shirataki Basah Ketogenic Diet Keto 1 Dus 25 x 200 gr - Mr Ishii,175000,KOTA SURABAYA,KOTA SURABAYA,,,165 ,
391,0,Shirataki Noodle Hijau Mr Ishii | Mie Shirataki Jepang Halal 200 gr,10500,KOTA TANGERANG SELATAN,KOTA TANGERANG SELATAN,,,2900 ,
392,0,ASHITAKI Mi Rebus Shirataki Soto - Diet Keto Non MSG,18780,KOTA SURABAYA,KOTA SURABAYA,,,196 ,
393,0,Ashitaki Mie Shirataki Rebus Soto / Kari Ayam - Instanst sehat NON MSG low carbo diet keto,18700,KOTA SURABAYA,KOTA SURABAYA,,,1700 ,
394,0,Ashitaki Mie Instan Ashitaba Shirataki 68 gram,18500,KAB. TANGERANG,KAB. TANGERANG,,,504 ,
395,0,Dry Shirataki atau Mie Shirataki (mie kering),39500,KOTA JAKARTA BARAT,KOTA JAKARTA BARAT,,,7300 ,
396,0,Mie Shirataki Hijau Basah Ketogenic Diet Keto 1 Dus 25 bungkus,182500,KAB. TANGERANG,KAB. TANGERANG,,,43 ,
397,0,Mie basah shirataki biru,475000,KOTA JAKARTA TIMUR,KOTA JAKARTA TIMUR,,,56 ,
398,0,mie kering sirataki/gluten free/diet keto/dry noodle sirataki 250gr(pakai kurir anter aja wajib),"55000
38500",KOTA DEPOK,KOTA DEPOK,,,826 ,
399,0,Ashitaki Mi Goreng Original 1 DUS ISI 12PCS (12x75gr),227100,KOTA TANGERANG SELATAN,KOTA TANGERANG SELATAN,,,65 ,
400,0,Ashitaki Mie Rebus Low Calori - Kari Ayam,"22000
19100",KOTA JAKARTA UTARA,KOTA JAKARTA UTARA,,,34 ,
401,0,mie shirataki basah hijau/ wet noddle shirataki green 200gr cocok untuk diet,"15000
8700",KOTA DEPOK,KOTA DEPOK,,,191 ,
402,0,Mr. Ishii Lokal - Mie Shirataki Ito Konnyaku 200 g,"9900
8900",KOTA JAKARTA SELATAN,KOTA JAKARTA SELATAN,,,2600 ,
403,0,"khusus gojek Mie shirataki basah , wet sirataki noodle , diet keto / ketogenic 1dus",185000,KOTA JAKARTA UTARA,KOTA JAKARTA UTARA,,,525 ,
404,0,"Mie Shirataki Basah Instan | Mie Shirataki Basah + Bumbu + Ayam | Halal
Hadiah Gratis",10360 - 18000,KOTA SURABAYA,KOTA SURABAYA,,,715 ,
405,0,ASHITAKI Mie Shirataki - Mi Instan Diet Sehat - Ashitaba Konjac Noodle - Rendah Kalori,19900 - 20400,KOTA SURABAYA,KOTA SURABAYA,,,283 ,
406,0,Mie Shirataki Noodle Fitmee Soto Bolognese Goreng Carbonara,17750 - 20000,KOTA JAKARTA BARAT,KOTA JAKARTA BARAT,,,1600 ,
407,0,"Mie Shirataki Basah | Wet Shirataki Kwetiau Noodle | 350gram | Halal MUI Diet Keto NoGluten Konnyaku
Hadiah Gratis","20000
8500",KOTA SURABAYA,KOTA SURABAYA,,,330 ,
408,0,Mr Ishii Mie Shirataki Basah 200 gr,9600,KOTA MEDAN,KOTA MEDAN,,,154 ,
409,0,Mie Basah Shirataki / Shirataki Wet Noodle / Shirataki Itto / Mie Basah Matang / Diet Keto [200 gr],7400 - 7920,KOTA MALANG,KOTA MALANG,,,200 ,
410,0,Mie Shirataki Kering Dry Shirataki Ketogenic Diet Keto Low Carbo 250gr,45000,KOTA MAKASSAR,KOTA MAKASSAR,,,204 ,
411,0,Mie Shirataki Wet noodles isshi ito hijau isi 25 khusus gojek/grab,181500,KOTA JAKARTA BARAT,KOTA JAKARTA BARAT,,,27 ,
412,0,PAKET SHIRATAKI | Bihun - Mie - Tsubu - Fettucini Shirataki @ 1 pcs,"37730
32800",KOTA JAKARTA BARAT,KOTA JAKARTA BARAT,,,6 ,
413,0,Mie Kering Shirataki Dry Shirataki Noodle,39250,KOTA JAKARTA BARAT,KOTA JAKARTA BARAT,,,110 ,
414,0,Fit Mee Mie Shirataki Fitmee Beli 2 All Varian Gratis 1 Varian CARBONARA,18000,KOTA JAKARTA UTARA,KOTA JAKARTA UTARA,,,1000 ,
415,0,Mr Ishii Mie Shirataki Basah (200 gr),10999,KOTA MEDAN,KOTA MEDAN,,,1200 ,
416,0,Konnyaku Blok (Shirataki Konnyaku Low Carbs-Ketogenic) 500Gram,16000,KOTA TANGERANG SELATAN,KOTA TANGERANG SELATAN,,,539 ,
417,0,Ashitaki Mi Goreng Creamy Sauce 85gr (Mie Rendah Kalori),22700,KOTA JAKARTA TIMUR,KOTA JAKARTA TIMUR,,,96 ,
418,0,Ashitaki Mi Goreng Original 75gr (Mie Rendah Kalori),22700,KOTA JAKARTA TIMUR,KOTA JAKARTA TIMUR,,,247 ,
419,0,Ashitaki Mi Goreng Original,19900,KOTA TANGERANG SELATAN,KOTA TANGERANG SELATAN,,,18 ,
420,0,Paket Ashitaki 2,99000,KOTA TANGERANG SELATAN,KOTA TANGERANG SELATAN,,,9 ,
421,0,"Fitmee - FitMee BAYAM / (Shirataki Noodle) Low Calorie Mie Diet Bebas Kolestrol, Rendah Gula dan Tinggi Serat","18500
18250",KOTA TANGERANG SELATAN,KOTA TANGERANG SELATAN,,,1800 ,
422,0,"Ashitaki - Mi Goreng Original 75gr - Mie Tanpa Pengawet
Pilih 3, diskon 3%","24900
23500",KOTA JAKARTA PUSAT,KOTA JAKARTA PUSAT,,,2300 ,
423,0,Ashitaki Mie Rebus Soto - Goreng Original - Goreng ala Jepang,19240,KOTA JAKARTA TIMUR,KOTA JAKARTA TIMUR,,,1700 ,
424,0,"Ashitaki - Mi Rebus Soto 75gr - Mie Rendah Kalori
Pilih 3, diskon 3%","24900
23500",KOTA JAKARTA PUSAT,KOTA JAKARTA PUSAT,,,1900 ,
425,0,Fit Mee Mie Konyaku Shirataki Mie Goreng - Soto Low Callories,17700,KOTA JAKARTA BARAT,KOTA JAKARTA BARAT,,,3100 ,
426,0,"ASHITAKI MIE SHIRATAKI DIET SEHAT | SHIRATAKI NOODLE MIE INSTAN
Cashback 50%",18999,KAB. TANGERANG,KAB. TANGERANG,,,3600 ,
427,0,Ashitaki mie Rendah Kalori,"20000
18800",KOTA DEPOK,KOTA DEPOK,,,100 ,
428,0,Ashitaki - Mie Rendah Kalori Shirataki Tanpa Pengawet Mi Goreng Jepang Goreng Original,19053 - 39572,KOTA JAKARTA BARAT,KOTA JAKARTA BARAT,,,90 ,
429,0,Shirataki Vermicelli Noodle | Mie Shirataki | Mie Keto 250g,29870,KOTA SURABAYA,KOTA SURABAYA,,,61 ,
430,0,ASHITAKI MIE SHIRATAKI DIET SEHAT ASHITABA | SHIRATAKI NOODLE MIE INSTAN,19790 - 20490,KAB. TANGERANG,KAB. TANGERANG,,,1000 ,
431,0,Ashitaki - Mie Shirataki Diet Sehat | Shirataki Noodle Mie Instant,"25000
19950",KOTA TANGERANG SELATAN,KOTA TANGERANG SELATAN,,,950 ,
432,0,Dry Shirataki - Mie Kering Shirataki ( isi 10pcs ) 250g,39000,KOTA JAKARTA BARAT,KOTA JAKARTA BARAT,,,200 ,
433,0,"ASHITAKI MIE GORENG JEPANG ORIGINAL SOTO VEGAN KARI PEDAS BULGOGI CREAMY SAUCE SHIRATAKI ASHITABA MI SIRATAKI DIET KONYAKU NASI BERAS SIRATAKI PORANG BASAH KERING RICE NOODLE DEBM KETO PENURUN BERAT BADAN PELANGSING PRUNE PLUM CHIA SEED FITMEE FITME CIA
Pilih 3, diskon 1%","30000
19900",KOTA MADIUN,KOTA MADIUN,,,1100 ,
434,0,Mie Diet Sehat / Mie Shirataki kering / Mie Shirataki,9990 - 44990,KOTA DENPASAR,KOTA DENPASAR,,,16 ,
435,0,Fit mee Mie Shirataki Rasa Mie goreng korea Keto,15499,KAB. TANGERANG,KAB. TANGERANG,,,1300 ,
436,0,"Wet Shirataki Noodle (Mie Shirataki Basah) 200Gram
Pilih 2, bayar Rp17.500",8550,KOTA TANGERANG SELATAN,KOTA TANGERANG SELATAN,,,3100 ,
437,0,Fitmee Mie Shirataki Shiratake Sirataki Konnyaku Instan Halal,16800,KAB. TANGERANG,KAB. TANGERANG,,,468 ,
438,0,FITMEE Mie Diet Shirataki / Mie Low Carbo (92 gram) - All Variant,18900,KOTA JAKARTA UTARA,KOTA JAKARTA UTARA,,,1700 ,
439,0,ASHITAKI MIE SHIRATAKI DIET SEHAT | SHIRATAKI NOODLE MIE INSTAN,18499,KAB. TANGERANG,KAB. TANGERANG,,,1700 ,
440,0,Mie Low Callories Ashitaki Ashitaba Shirataki,19800,KOTA JAKARTA BARAT,KOTA JAKARTA BARAT,,,350 ,
441,0,Ashitaki Mie Shirataki Instant Diet,"24999
24599",KOTA MEDAN,KOTA MEDAN,,,439 ,
442,0,Mie shirataki bihun shirataki fettucini tsubu shirataki,8200 - 9200,KOTA JAKARTA BARAT,KOTA JAKARTA BARAT,,,491 ,
443,0,Fitmee Mie Shirataki Shiratake Sirataki Konnyaku Instan Halal,16800,KAB. TANGERANG,KAB. TANGERANG,,,392 ,
444,0,Wet Shirataki Noodle (Mie Shirataki Basah) Per-Dus/Carton,190000,KOTA TANGERANG SELATAN,KOTA TANGERANG SELATAN,,,189 ,
445,0,Ashitaki Mi Instan (Ashitaba & Shirataki),18490 - 18990,KOTA BANDUNG,KOTA BANDUNG,,,1000 ,
446,0,Fitmee Mie Shirataki - Konnyaku Sehat Instan Halal Fitmee Ayam Bawang Soto Carbonara,18200 - 36400,KOTA JAKARTA BARAT,KOTA JAKARTA BARAT,,,724 ,
447,0,"FITMEE MIE SHIRATAKI ALL VARIAN | SHIRATAKI NOODLE MIE SEHAT Bonus KORORO
Cashback 50%",15499,KAB. TANGERANG,KAB. TANGERANG,,,5100 ,
448,0,FITMEE MIE SHIRATAKI ALL VARIAN | SHIRATAKI NOODLE MIE SEHAT,"25000
18499",KAB. TANGERANG,KAB. TANGERANG,,,1000 ,
449,0,Fitmee - Fit Mee / Mie Shirataki Goreng Korea / Soto / Carbonara / Ayam / Bolognese / Goreng Sapi,18900,KOTA JAKARTA UTARA,KOTA JAKARTA UTARA,,,2200 ,
450,0,Mie Shirataki Basah Ketogenic Diet Keto 1 Dus 25 x 200 gr - Mr Ishii,175000,KOTA SURABAYA,KOTA SURABAYA,,,165 ,
451,0,Shirataki Noodle Hijau Mr Ishii | Mie Shirataki Jepang Halal 200 gr,10500,KOTA TANGERANG SELATAN,KOTA TANGERANG SELATAN,,,2900 ,
452,0,ASHITAKI Mi Rebus Shirataki Soto - Diet Keto Non MSG,18780,KOTA SURABAYA,KOTA SURABAYA,,,196 ,
453,0,Ashitaki Mie Shirataki Rebus Soto / Kari Ayam - Instanst sehat NON MSG low carbo diet keto,18700,KOTA SURABAYA,KOTA SURABAYA,,,1700 ,
454,0,Ashitaki Mie Instan Ashitaba Shirataki 68 gram,18500,KAB. TANGERANG,KAB. TANGERANG,,,504 ,
455,0,Dry Shirataki atau Mie Shirataki (mie kering),39500,KOTA JAKARTA BARAT,KOTA JAKARTA BARAT,,,7300 ,
456,0,Mie Shirataki Hijau Basah Ketogenic Diet Keto 1 Dus 25 bungkus,182500,KAB. TANGERANG,KAB. TANGERANG,,,43 ,
457,0,Mie basah shirataki biru,475000,KOTA JAKARTA TIMUR,KOTA JAKARTA TIMUR,,,56 ,
458,0,mie kering sirataki/gluten free/diet keto/dry noodle sirataki 250gr(pakai kurir anter aja wajib),"55000
38500",KOTA DEPOK,KOTA DEPOK,,,826 ,
459,0,Ashitaki Mi Goreng Original 1 DUS ISI 12PCS (12x75gr),227100,KOTA TANGERANG SELATAN,KOTA TANGERANG SELATAN,,,65 ,
460,0,Ashitaki Mie Rebus Low Calori - Kari Ayam,"22000
19100",KOTA JAKARTA UTARA,KOTA JAKARTA UTARA,,,34 ,
461,0,mie shirataki basah hijau/ wet noddle shirataki green 200gr cocok untuk diet,"15000
8700",KOTA DEPOK,KOTA DEPOK,,,191 ,
462,0,Mr. Ishii Lokal - Mie Shirataki Ito Konnyaku 200 g,"9900
8900",KOTA JAKARTA SELATAN,KOTA JAKARTA SELATAN,,,2600 ,
463,0,"khusus gojek Mie shirataki basah , wet sirataki noodle , diet keto / ketogenic 1dus",185000,KOTA JAKARTA UTARA,KOTA JAKARTA UTARA,,,525 ,
464,0,"Mie Shirataki Basah Instan | Mie Shirataki Basah + Bumbu + Ayam | Halal
Hadiah Gratis",10360 - 18000,KOTA SURABAYA,KOTA SURABAYA,,,715 ,
465,0,ASHITAKI Mie Shirataki - Mi Instan Diet Sehat - Ashitaba Konjac Noodle - Rendah Kalori,19900 - 20400,KOTA SURABAYA,KOTA SURABAYA,,,283 ,
466,0,Mie Shirataki Noodle Fitmee Soto Bolognese Goreng Carbonara,17750 - 20000,KOTA JAKARTA BARAT,KOTA JAKARTA BARAT,,,1600 ,
467,0,"Mie Shirataki Basah | Wet Shirataki Kwetiau Noodle | 350gram | Halal MUI Diet Keto NoGluten Konnyaku
Hadiah Gratis","20000
8500",KOTA SURABAYA,KOTA SURABAYA,,,330 ,
468,0,Mr Ishii Mie Shirataki Basah 200 gr,9600,KOTA MEDAN,KOTA MEDAN,,,154 ,
469,0,Mie Basah Shirataki / Shirataki Wet Noodle / Shirataki Itto / Mie Basah Matang / Diet Keto [200 gr],7400 - 7920,KOTA MALANG,KOTA MALANG,,,200 ,
470,0,Mie Shirataki Kering Dry Shirataki Ketogenic Diet Keto Low Carbo 250gr,45000,KOTA MAKASSAR,KOTA MAKASSAR,,,204 ,
471,0,Mie Shirataki Wet noodles isshi ito hijau isi 25 khusus gojek/grab,181500,KOTA JAKARTA BARAT,KOTA JAKARTA BARAT,,,27 ,
472,0,PAKET SHIRATAKI | Bihun - Mie - Tsubu - Fettucini Shirataki @ 1 pcs,"37730
32800",KOTA JAKARTA BARAT,KOTA JAKARTA BARAT,,,6 ,
473,0,Mie Kering Shirataki Dry Shirataki Noodle,39250,KOTA JAKARTA BARAT,KOTA JAKARTA BARAT,,,110 ,
474,0,Fit Mee Mie Shirataki Fitmee Beli 2 All Varian Gratis 1 Varian CARBONARA,18000,KOTA JAKARTA UTARA,KOTA JAKARTA UTARA,,,1000 ,
475,0,Mr Ishii Mie Shirataki Basah (200 gr),10999,KOTA MEDAN,KOTA MEDAN,,,1200 ,
476,0,Konnyaku Blok (Shirataki Konnyaku Low Carbs-Ketogenic) 500Gram,16000,KOTA TANGERANG SELATAN,KOTA TANGERANG SELATAN,,,539 ,
477,0,Ashitaki Mi Goreng Creamy Sauce 85gr (Mie Rendah Kalori),22700,KOTA JAKARTA TIMUR,KOTA JAKARTA TIMUR,,,96 ,
478,0,Ashitaki Mi Goreng Original 75gr (Mie Rendah Kalori),22700,KOTA JAKARTA TIMUR,KOTA JAKARTA TIMUR,,,247 ,
479,0,Ashitaki Mi Goreng Original,19900,KOTA TANGERANG SELATAN,KOTA TANGERANG SELATAN,,,18 ,
480,0,Paket Ashitaki 2,99000,KOTA TANGERANG SELATAN,KOTA TANGERANG SELATAN,,,9 ,
481,0,"Fitmee - FitMee BAYAM / (Shirataki Noodle) Low Calorie Mie Diet Bebas Kolestrol, Rendah Gula dan Tinggi Serat","18500
18250",KOTA TANGERANG SELATAN,KOTA TANGERANG SELATAN,,,1800 ,
482,0,"Ashitaki - Mi Goreng Original 75gr - Mie Tanpa Pengawet
Pilih 3, diskon 3%","24900
23500",KOTA JAKARTA PUSAT,KOTA JAKARTA PUSAT,,,2300 ,
483,0,Ashitaki Mie Rebus Soto - Goreng Original - Goreng ala Jepang,19240,KOTA JAKARTA TIMUR,KOTA JAKARTA TIMUR,,,1700 ,
484,0,"Ashitaki - Mi Rebus Soto 75gr - Mie Rendah Kalori
Pilih 3, diskon 3%","24900
23500",KOTA JAKARTA PUSAT,KOTA JAKARTA PUSAT,,,1900 ,
485,0,Fit Mee Mie Konyaku Shirataki Mie Goreng - Soto Low Callories,17700,KOTA JAKARTA BARAT,KOTA JAKARTA BARAT,,,3100 ,
486,0,"ASHITAKI MIE SHIRATAKI DIET SEHAT | SHIRATAKI NOODLE MIE INSTAN
Cashback 50%",18999,KAB. TANGERANG,KAB. TANGERANG,,,3600 ,
487,0,Ashitaki mie Rendah Kalori,"20000
18800",KOTA DEPOK,KOTA DEPOK,,,100 ,
488,0,Ashitaki - Mie Rendah Kalori Shirataki Tanpa Pengawet Mi Goreng Jepang Goreng Original,19053 - 39572,KOTA JAKARTA BARAT,KOTA JAKARTA BARAT,,,90 ,
489,0,Shirataki Vermicelli Noodle | Mie Shirataki | Mie Keto 250g,29870,KOTA SURABAYA,KOTA SURABAYA,,,61 ,
490,0,ASHITAKI MIE SHIRATAKI DIET SEHAT ASHITABA | SHIRATAKI NOODLE MIE INSTAN,19790 - 20490,KAB. TANGERANG,KAB. TANGERANG,,,1000 ,
491,0,Ashitaki - Mie Shirataki Diet Sehat | Shirataki Noodle Mie Instant,"25000
19950",KOTA TANGERANG SELATAN,KOTA TANGERANG SELATAN,,,950 ,
492,0,Dry Shirataki - Mie Kering Shirataki ( isi 10pcs ) 250g,39000,KOTA JAKARTA BARAT,KOTA JAKARTA BARAT,,,200 ,
493,0,"ASHITAKI MIE GORENG JEPANG ORIGINAL SOTO VEGAN KARI PEDAS BULGOGI CREAMY SAUCE SHIRATAKI ASHITABA MI SIRATAKI DIET KONYAKU NASI BERAS SIRATAKI PORANG BASAH KERING RICE NOODLE DEBM KETO PENURUN BERAT BADAN PELANGSING PRUNE PLUM CHIA SEED FITMEE FITME CIA
Pilih 3, diskon 1%","30000
19900",KOTA MADIUN,KOTA MADIUN,,,1100 ,
494,0,Mie Diet Sehat / Mie Shirataki kering / Mie Shirataki,9990 - 44990,KOTA DENPASAR,KOTA DENPASAR,,,16 ,
495,0,Fit mee Mie Shirataki Rasa Mie goreng korea Keto,15499,KAB. TANGERANG,KAB. TANGERANG,,,1300 ,
496,0,"Wet Shirataki Noodle (Mie Shirataki Basah) 200Gram
Pilih 2, bayar Rp17.500",8550,KOTA TANGERANG SELATAN,KOTA TANGERANG SELATAN,,,3100 ,
497,0,Fitmee Mie Shirataki Shiratake Sirataki Konnyaku Instan Halal,16800,KAB. TANGERANG,KAB. TANGERANG,,,468 ,
498,0,FITMEE Mie Diet Shirataki / Mie Low Carbo (92 gram) - All Variant,18900,KOTA JAKARTA UTARA,KOTA JAKARTA UTARA,,,1700 ,
499,0,ASHITAKI MIE SHIRATAKI DIET SEHAT | SHIRATAKI NOODLE MIE INSTAN,18499,KAB. TANGERANG,KAB. TANGERANG,,,1700 ,
500,0,Mie Low Callories Ashitaki Ashitaba Shirataki,19800,KOTA JAKARTA BARAT,KOTA JAKARTA BARAT,,,350 ,
501,0,Ashitaki Mie Shirataki Instant Diet,"24999
24599",KOTA MEDAN,KOTA MEDAN,,,439 ,
502,0,Mie shirataki bihun shirataki fettucini tsubu shirataki,8200 - 9200,KOTA JAKARTA BARAT,KOTA JAKARTA BARAT,,,491 ,
503,0,Fitmee Mie Shirataki Shiratake Sirataki Konnyaku Instan Halal,16800,KAB. TANGERANG,KAB. TANGERANG,,,392 ,
504,0,Wet Shirataki Noodle (Mie Shirataki Basah) Per-Dus/Carton,190000,KOTA TANGERANG SELATAN,KOTA TANGERANG SELATAN,,,189 ,
505,0,Ashitaki Mi Instan (Ashitaba & Shirataki),18490 - 18990,KOTA BANDUNG,KOTA BANDUNG,,,1000 ,
506,0,Fitmee Mie Shirataki - Konnyaku Sehat Instan Halal Fitmee Ayam Bawang Soto Carbonara,18200 - 36400,KOTA JAKARTA BARAT,KOTA JAKARTA BARAT,,,724 ,
507,0,"FITMEE MIE SHIRATAKI ALL VARIAN | SHIRATAKI NOODLE MIE SEHAT Bonus KORORO
Cashback 50%",15499,KAB. TANGERANG,KAB. TANGERANG,,,5100 ,
508,0,FITMEE MIE SHIRATAKI ALL VARIAN | SHIRATAKI NOODLE MIE SEHAT,"25000
18499",KAB. TANGERANG,KAB. TANGERANG,,,1000 ,
509,0,Fitmee - Fit Mee / Mie Shirataki Goreng Korea / Soto / Carbonara / Ayam / Bolognese / Goreng Sapi,18900,KOTA JAKARTA UTARA,KOTA JAKARTA UTARA,,,2200 ,
510,0,Mie Shirataki Basah Ketogenic Diet Keto 1 Dus 25 x 200 gr - Mr Ishii,175000,KOTA SURABAYA,KOTA SURABAYA,,,165 ,
511,0,Shirataki Noodle Hijau Mr Ishii | Mie Shirataki Jepang Halal 200 gr,10500,KOTA TANGERANG SELATAN,KOTA TANGERANG SELATAN,,,2900 ,
512,0,ASHITAKI Mi Rebus Shirataki Soto - Diet Keto Non MSG,18780,KOTA SURABAYA,KOTA SURABAYA,,,196 ,
513,0,Ashitaki Mie Shirataki Rebus Soto / Kari Ayam - Instanst sehat NON MSG low carbo diet keto,18700,KOTA SURABAYA,KOTA SURABAYA,,,1700 ,
514,0,Ashitaki Mie Instan Ashitaba Shirataki 68 gram,18500,KAB. TANGERANG,KAB. TANGERANG,,,504 ,
515,0,Dry Shirataki atau Mie Shirataki (mie kering),39500,KOTA JAKARTA BARAT,KOTA JAKARTA BARAT,,,7300 ,
516,0,Mie Shirataki Hijau Basah Ketogenic Diet Keto 1 Dus 25 bungkus,182500,KAB. TANGERANG,KAB. TANGERANG,,,43 ,
517,0,Mie basah shirataki biru,475000,KOTA JAKARTA TIMUR,KOTA JAKARTA TIMUR,,,56 ,
518,0,mie kering sirataki/gluten free/diet keto/dry noodle sirataki 250gr(pakai kurir anter aja wajib),"55000
38500",KOTA DEPOK,KOTA DEPOK,,,826 ,
519,0,Ashitaki Mi Goreng Original 1 DUS ISI 12PCS (12x75gr),227100,KOTA TANGERANG SELATAN,KOTA TANGERANG SELATAN,,,65 ,
520,0,Ashitaki Mie Rebus Low Calori - Kari Ayam,"22000
19100",KOTA JAKARTA UTARA,KOTA JAKARTA UTARA,,,34 ,
521,0,mie shirataki basah hijau/ wet noddle shirataki green 200gr cocok untuk diet,"15000
8700",KOTA DEPOK,KOTA DEPOK,,,191 ,
522,0,Mr. Ishii Lokal - Mie Shirataki Ito Konnyaku 200 g,"9900
8900",KOTA JAKARTA SELATAN,KOTA JAKARTA SELATAN,,,2600 ,
523,0,"khusus gojek Mie shirataki basah , wet sirataki noodle , diet keto / ketogenic 1dus",185000,KOTA JAKARTA UTARA,KOTA JAKARTA UTARA,,,525 ,
524,0,"Mie Shirataki Basah Instan | Mie Shirataki Basah + Bumbu + Ayam | Halal
Hadiah Gratis",10360 - 18000,KOTA SURABAYA,KOTA SURABAYA,,,715 ,
525,0,ASHITAKI Mie Shirataki - Mi Instan Diet Sehat - Ashitaba Konjac Noodle - Rendah Kalori,19900 - 20400,KOTA SURABAYA,KOTA SURABAYA,,,283 ,
526,0,Mie Shirataki Noodle Fitmee Soto Bolognese Goreng Carbonara,17750 - 20000,KOTA JAKARTA BARAT,KOTA JAKARTA BARAT,,,1600 ,
527,0,"Mie Shirataki Basah | Wet Shirataki Kwetiau Noodle | 350gram | Halal MUI Diet Keto NoGluten Konnyaku
Hadiah Gratis","20000
8500",KOTA SURABAYA,KOTA SURABAYA,,,330 ,
528,0,Mr Ishii Mie Shirataki Basah 200 gr,9600,KOTA MEDAN,KOTA MEDAN,,,154 ,
529,0,Mie Basah Shirataki / Shirataki Wet Noodle / Shirataki Itto / Mie Basah Matang / Diet Keto [200 gr],7400 - 7920,KOTA MALANG,KOTA MALANG,,,200 ,
530,0,Mie Shirataki Kering Dry Shirataki Ketogenic Diet Keto Low Carbo 250gr,45000,KOTA MAKASSAR,KOTA MAKASSAR,,,204 ,
531,0,Mie Shirataki Wet noodles isshi ito hijau isi 25 khusus gojek/grab,181500,KOTA JAKARTA BARAT,KOTA JAKARTA BARAT,,,27 ,
532,0,PAKET SHIRATAKI | Bihun - Mie - Tsubu - Fettucini Shirataki @ 1 pcs,"37730
32800",KOTA JAKARTA BARAT,KOTA JAKARTA BARAT,,,6 ,
533,0,Mie Kering Shirataki Dry Shirataki Noodle,39250,KOTA JAKARTA BARAT,KOTA JAKARTA BARAT,,,110 ,
534,0,Fit Mee Mie Shirataki Fitmee Beli 2 All Varian Gratis 1 Varian CARBONARA,18000,KOTA JAKARTA UTARA,KOTA JAKARTA UTARA,,,1000 ,
535,0,Mr Ishii Mie Shirataki Basah (200 gr),10999,KOTA MEDAN,KOTA MEDAN,,,1200 ,
536,0,Konnyaku Blok (Shirataki Konnyaku Low Carbs-Ketogenic) 500Gram,16000,KOTA TANGERANG SELATAN,KOTA TANGERANG SELATAN,,,539 ,
537,0,Ashitaki Mi Goreng Creamy Sauce 85gr (Mie Rendah Kalori),22700,KOTA JAKARTA TIMUR,KOTA JAKARTA TIMUR,,,96 ,
538,0,Ashitaki Mi Goreng Original 75gr (Mie Rendah Kalori),22700,KOTA JAKARTA TIMUR,KOTA JAKARTA TIMUR,,,247 ,
539,0,Ashitaki Mi Goreng Original,19900,KOTA TANGERANG SELATAN,KOTA TANGERANG SELATAN,,,18 ,
540,0,Paket Ashitaki 2,99000,KOTA TANGERANG SELATAN,KOTA TANGERANG SELATAN,,,9 ,
541,0,"Fitmee - FitMee BAYAM / (Shirataki Noodle) Low Calorie Mie Diet Bebas Kolestrol, Rendah Gula dan Tinggi Serat","18500
18250",KOTA TANGERANG SELATAN,KOTA TANGERANG SELATAN,,,1800 ,
542,0,"Ashitaki - Mi Goreng Original 75gr - Mie Tanpa Pengawet
Pilih 3, diskon 3%","24900
23500",KOTA JAKARTA PUSAT,KOTA JAKARTA PUSAT,,,2300 ,
543,0,Ashitaki Mie Rebus Soto - Goreng Original - Goreng ala Jepang,19240,KOTA JAKARTA TIMUR,KOTA JAKARTA TIMUR,,,1700 ,
544,0,"Ashitaki - Mi Rebus Soto 75gr - Mie Rendah Kalori
Pilih 3, diskon 3%","24900
23500",KOTA JAKARTA PUSAT,KOTA JAKARTA PUSAT,,,1900 ,
545,0,Fit Mee Mie Konyaku Shirataki Mie Goreng - Soto Low Callories,17700,KOTA JAKARTA BARAT,KOTA JAKARTA BARAT,,,3100 ,
546,0,"ASHITAKI MIE SHIRATAKI DIET SEHAT | SHIRATAKI NOODLE MIE INSTAN
Cashback 50%",18999,KAB. TANGERANG,KAB. TANGERANG,,,3600 ,
547,0,Ashitaki mie Rendah Kalori,"20000
18800",KOTA DEPOK,KOTA DEPOK,,,100 ,
548,0,Ashitaki - Mie Rendah Kalori Shirataki Tanpa Pengawet Mi Goreng Jepang Goreng Original,19053 - 39572,KOTA JAKARTA BARAT,KOTA JAKARTA BARAT,,,90 ,
549,0,Shirataki Vermicelli Noodle | Mie Shirataki | Mie Keto 250g,29870,KOTA SURABAYA,KOTA SURABAYA,,,61 ,
550,0,ASHITAKI MIE SHIRATAKI DIET SEHAT ASHITABA | SHIRATAKI NOODLE MIE INSTAN,19790 - 20490,KAB. TANGERANG,KAB. TANGERANG,,,1000 ,
551,0,Ashitaki - Mie Shirataki Diet Sehat | Shirataki Noodle Mie Instant,"25000
19950",KOTA TANGERANG SELATAN,KOTA TANGERANG SELATAN,,,950 ,
552,0,Dry Shirataki - Mie Kering Shirataki ( isi 10pcs ) 250g,39000,KOTA JAKARTA BARAT,KOTA JAKARTA BARAT,,,200 ,
553,0,"ASHITAKI MIE GORENG JEPANG ORIGINAL SOTO VEGAN KARI PEDAS BULGOGI CREAMY SAUCE SHIRATAKI ASHITABA MI SIRATAKI DIET KONYAKU NASI BERAS SIRATAKI PORANG BASAH KERING RICE NOODLE DEBM KETO PENURUN BERAT BADAN PELANGSING PRUNE PLUM CHIA SEED FITMEE FITME CIA
Pilih 3, diskon 1%","30000
19900",KOTA MADIUN,KOTA MADIUN,,,1100 ,
554,0,Mie Diet Sehat / Mie Shirataki kering / Mie Shirataki,9990 - 44990,KOTA DENPASAR,KOTA DENPASAR,,,16 ,
555,0,Fit mee Mie Shirataki Rasa Mie goreng korea Keto,15499,KAB. TANGERANG,KAB. TANGERANG,,,1300 ,
556,0,"Wet Shirataki Noodle (Mie Shirataki Basah) 200Gram
Pilih 2, bayar Rp17.500",8550,KOTA TANGERANG SELATAN,KOTA TANGERANG SELATAN,,,3100 ,
557,0,Fitmee Mie Shirataki Shiratake Sirataki Konnyaku Instan Halal,16800,KAB. TANGERANG,KAB. TANGERANG,,,468 ,
558,0,FITMEE Mie Diet Shirataki / Mie Low Carbo (92 gram) - All Variant,18900,KOTA JAKARTA UTARA,KOTA JAKARTA UTARA,,,1700 ,
559,0,ASHITAKI MIE SHIRATAKI DIET SEHAT | SHIRATAKI NOODLE MIE INSTAN,18499,KAB. TANGERANG,KAB. TANGERANG,,,1700 ,
560,0,Mie Low Callories Ashitaki Ashitaba Shirataki,19800,KOTA JAKARTA BARAT,KOTA JAKARTA BARAT,,,350 ,
561,0,Ashitaki Mie Shirataki Instant Diet,"24999
24599",KOTA MEDAN,KOTA MEDAN,,,439 ,
562,0,Mie shirataki bihun shirataki fettucini tsubu shirataki,8200 - 9200,KOTA JAKARTA BARAT,KOTA JAKARTA BARAT,,,491 ,
563,0,Fitmee Mie Shirataki Shiratake Sirataki Konnyaku Instan Halal,16800,KAB. TANGERANG,KAB. TANGERANG,,,392 ,
564,0,Wet Shirataki Noodle (Mie Shirataki Basah) Per-Dus/Carton,190000,KOTA TANGERANG SELATAN,KOTA TANGERANG SELATAN,,,189 ,
565,0,Ashitaki Mi Instan (Ashitaba & Shirataki),18490 - 18990,KOTA BANDUNG,KOTA BANDUNG,,,1000 ,
566,0,Fitmee Mie Shirataki - Konnyaku Sehat Instan Halal Fitmee Ayam Bawang Soto Carbonara,18200 - 36400,KOTA JAKARTA BARAT,KOTA JAKARTA BARAT,,,724 ,
567,0,"FITMEE MIE SHIRATAKI ALL VARIAN | SHIRATAKI NOODLE MIE SEHAT Bonus KORORO
Cashback 50%",15499,KAB. TANGERANG,KAB. TANGERANG,,,5100 ,
568,0,FITMEE MIE SHIRATAKI ALL VARIAN | SHIRATAKI NOODLE MIE SEHAT,"25000
18499",KAB. TANGERANG,KAB. TANGERANG,,,1000 ,
569,0,Fitmee - Fit Mee / Mie Shirataki Goreng Korea / Soto / Carbonara / Ayam / Bolognese / Goreng Sapi,18900,KOTA JAKARTA UTARA,KOTA JAKARTA UTARA,,,2200 ,
570,0,Mie Shirataki Basah Ketogenic Diet Keto 1 Dus 25 x 200 gr - Mr Ishii,175000,KOTA SURABAYA,KOTA SURABAYA,,,165 ,
571,0,Shirataki Noodle Hijau Mr Ishii | Mie Shirataki Jepang Halal 200 gr,10500,KOTA TANGERANG SELATAN,KOTA TANGERANG SELATAN,,,2900 ,
572,0,ASHITAKI Mi Rebus Shirataki Soto - Diet Keto Non MSG,18780,KOTA SURABAYA,KOTA SURABAYA,,,196 ,
573,0,Ashitaki Mie Shirataki Rebus Soto / Kari Ayam - Instanst sehat NON MSG low carbo diet keto,18700,KOTA SURABAYA,KOTA SURABAYA,,,1700 ,
574,0,Ashitaki Mie Instan Ashitaba Shirataki 68 gram,18500,KAB. TANGERANG,KAB. TANGERANG,,,504 ,
575,0,Dry Shirataki atau Mie Shirataki (mie kering),39500,KOTA JAKARTA BARAT,KOTA JAKARTA BARAT,,,7300 ,
576,0,Mie Shirataki Hijau Basah Ketogenic Diet Keto 1 Dus 25 bungkus,182500,KAB. TANGERANG,KAB. TANGERANG,,,43 ,
577,0,Mie basah shirataki biru,475000,KOTA JAKARTA TIMUR,KOTA JAKARTA TIMUR,,,56 ,
578,0,mie kering sirataki/gluten free/diet keto/dry noodle sirataki 250gr(pakai kurir anter aja wajib),"55000
38500",KOTA DEPOK,KOTA DEPOK,,,826 ,
579,0,Ashitaki Mi Goreng Original 1 DUS ISI 12PCS (12x75gr),227100,KOTA TANGERANG SELATAN,KOTA TANGERANG SELATAN,,,65 ,
580,0,Ashitaki Mie Rebus Low Calori - Kari Ayam,"22000
19100",KOTA JAKARTA UTARA,KOTA JAKARTA UTARA,,,34 ,
581,0,mie shirataki basah hijau/ wet noddle shirataki green 200gr cocok untuk diet,"15000
8700",KOTA DEPOK,KOTA DEPOK,,,191 ,
582,0,Mr. Ishii Lokal - Mie Shirataki Ito Konnyaku 200 g,"9900
8900",KOTA JAKARTA SELATAN,KOTA JAKARTA SELATAN,,,2600 ,
583,0,"khusus gojek Mie shirataki basah , wet sirataki noodle , diet keto / ketogenic 1dus",185000,KOTA JAKARTA UTARA,KOTA JAKARTA UTARA,,,525 ,
584,0,"Mie Shirataki Basah Instan | Mie Shirataki Basah + Bumbu + Ayam | Halal
Hadiah Gratis",10360 - 18000,KOTA SURABAYA,KOTA SURABAYA,,,715 ,
585,0,ASHITAKI Mie Shirataki - Mi Instan Diet Sehat - Ashitaba Konjac Noodle - Rendah Kalori,19900 - 20400,KOTA SURABAYA,KOTA SURABAYA,,,283 ,
586,0,Mie Shirataki Noodle Fitmee Soto Bolognese Goreng Carbonara,17750 - 20000,KOTA JAKARTA BARAT,KOTA JAKARTA BARAT,,,1600 ,
587,0,"Mie Shirataki Basah | Wet Shirataki Kwetiau Noodle | 350gram | Halal MUI Diet Keto NoGluten Konnyaku
Hadiah Gratis","20000
8500",KOTA SURABAYA,KOTA SURABAYA,,,330 ,
588,0,Mr Ishii Mie Shirataki Basah 200 gr,9600,KOTA MEDAN,KOTA MEDAN,,,154 ,
589,0,Mie Basah Shirataki / Shirataki Wet Noodle / Shirataki Itto / Mie Basah Matang / Diet Keto [200 gr],7400 - 7920,KOTA MALANG,KOTA MALANG,,,200 ,
590,0,Mie Shirataki Kering Dry Shirataki Ketogenic Diet Keto Low Carbo 250gr,45000,KOTA MAKASSAR,KOTA MAKASSAR,,,204 ,
591,0,Mie Shirataki Wet noodles isshi ito hijau isi 25 khusus gojek/grab,181500,KOTA JAKARTA BARAT,KOTA JAKARTA BARAT,,,27 ,
592,0,PAKET SHIRATAKI | Bihun - Mie - Tsubu - Fettucini Shirataki @ 1 pcs,"37730
32800",KOTA JAKARTA BARAT,KOTA JAKARTA BARAT,,,6 ,
593,0,Mie Kering Shirataki Dry Shirataki Noodle,39250,KOTA JAKARTA BARAT,KOTA JAKARTA BARAT,,,110 ,
594,0,Fit Mee Mie Shirataki Fitmee Beli 2 All Varian Gratis 1 Varian CARBONARA,18000,KOTA JAKARTA UTARA,KOTA JAKARTA UTARA,,,1000 ,
595,0,Mr Ishii Mie Shirataki Basah (200 gr),10999,KOTA MEDAN,KOTA MEDAN,,,1200 ,
596,0,Konnyaku Blok (Shirataki Konnyaku Low Carbs-Ketogenic) 500Gram,16000,KOTA TANGERANG SELATAN,KOTA TANGERANG SELATAN,,,539 ,
597,0,Ashitaki Mi Goreng Creamy Sauce 85gr (Mie Rendah Kalori),22700,KOTA JAKARTA TIMUR,KOTA JAKARTA TIMUR,,,96 ,
598,0,Ashitaki Mi Goreng Original 75gr (Mie Rendah Kalori),22700,KOTA JAKARTA TIMUR,KOTA JAKARTA TIMUR,,,247 ,
599,0,Ashitaki Mi Goreng Original,19900,KOTA TANGERANG SELATAN,KOTA TANGERANG SELATAN,,,18 ,
600,0,Paket Ashitaki 2,99000,KOTA TANGERANG SELATAN,KOTA TANGERANG SELATAN,,,9 ,
601,0,"Fitmee - FitMee BAYAM / (Shirataki Noodle) Low Calorie Mie Diet Bebas Kolestrol, Rendah Gula dan Tinggi Serat","18500
18250",KOTA TANGERANG SELATAN,KOTA TANGERANG SELATAN,,,1800 ,
602,0,"Ashitaki - Mi Goreng Original 75gr - Mie Tanpa Pengawet
Pilih 3, diskon 3%","24900
23500",KOTA JAKARTA PUSAT,KOTA JAKARTA PUSAT,,,2300 ,
603,0,Ashitaki Mie Rebus Soto - Goreng Original - Goreng ala Jepang,19240,KOTA JAKARTA TIMUR,KOTA JAKARTA TIMUR,,,1700 ,
604,0,"Ashitaki - Mi Rebus Soto 75gr - Mie Rendah Kalori
Pilih 3, diskon 3%","24900
23500",KOTA JAKARTA PUSAT,KOTA JAKARTA PUSAT,,,1900 ,
605,0,Fit Mee Mie Konyaku Shirataki Mie Goreng - Soto Low Callories,17700,KOTA JAKARTA BARAT,KOTA JAKARTA BARAT,,,3100 ,
606,0,"ASHITAKI MIE SHIRATAKI DIET SEHAT | SHIRATAKI NOODLE MIE INSTAN
Cashback 50%",18999,KAB. TANGERANG,KAB. TANGERANG,,,3600 ,
607,0,Ashitaki mie Rendah Kalori,"20000
18800",KOTA DEPOK,KOTA DEPOK,,,100 ,
608,0,Ashitaki - Mie Rendah Kalori Shirataki Tanpa Pengawet Mi Goreng Jepang Goreng Original,19053 - 39572,KOTA JAKARTA BARAT,KOTA JAKARTA BARAT,,,90 ,
609,0,Shirataki Vermicelli Noodle | Mie Shirataki | Mie Keto 250g,29870,KOTA SURABAYA,KOTA SURABAYA,,,61 ,
610,0,ASHITAKI MIE SHIRATAKI DIET SEHAT ASHITABA | SHIRATAKI NOODLE MIE INSTAN,19790 - 20490,KAB. TANGERANG,KAB. TANGERANG,,,1000 ,
611,0,Ashitaki - Mie Shirataki Diet Sehat | Shirataki Noodle Mie Instant,"25000
19950",KOTA TANGERANG SELATAN,KOTA TANGERANG SELATAN,,,950 ,
612,0,Dry Shirataki - Mie Kering Shirataki ( isi 10pcs ) 250g,39000,KOTA JAKARTA BARAT,KOTA JAKARTA BARAT,,,200 ,
613,0,"ASHITAKI MIE GORENG JEPANG ORIGINAL SOTO VEGAN KARI PEDAS BULGOGI CREAMY SAUCE SHIRATAKI ASHITABA MI SIRATAKI DIET KONYAKU NASI BERAS SIRATAKI PORANG BASAH KERING RICE NOODLE DEBM KETO PENURUN BERAT BADAN PELANGSING PRUNE PLUM CHIA SEED FITMEE FITME CIA
Pilih 3, diskon 1%","30000
19900",KOTA MADIUN,KOTA MADIUN,,,1100 ,
614,0,Mie Diet Sehat / Mie Shirataki kering / Mie Shirataki,9990 - 44990,KOTA DENPASAR,KOTA DENPASAR,,,16 ,
615,0,Fit mee Mie Shirataki Rasa Mie goreng korea Keto,15499,KAB. TANGERANG,KAB. TANGERANG,,,1300 ,
616,0,"Wet Shirataki Noodle (Mie Shirataki Basah) 200Gram
Pilih 2, bayar Rp17.500",8550,KOTA TANGERANG SELATAN,KOTA TANGERANG SELATAN,,,3100 ,
617,0,Fitmee Mie Shirataki Shiratake Sirataki Konnyaku Instan Halal,16800,KAB. TANGERANG,KAB. TANGERANG,,,468 ,
618,0,FITMEE Mie Diet Shirataki / Mie Low Carbo (92 gram) - All Variant,18900,KOTA JAKARTA UTARA,KOTA JAKARTA UTARA,,,1700 ,
619,0,ASHITAKI MIE SHIRATAKI DIET SEHAT | SHIRATAKI NOODLE MIE INSTAN,18499,KAB. TANGERANG,KAB. TANGERANG,,,1700 ,
620,0,Mie Low Callories Ashitaki Ashitaba Shirataki,19800,KOTA JAKARTA BARAT,KOTA JAKARTA BARAT,,,350 ,
621,0,Ashitaki Mie Shirataki Instant Diet,"24999
24599",KOTA MEDAN,KOTA MEDAN,,,439 ,
622,0,Mie shirataki bihun shirataki fettucini tsubu shirataki,8200 - 9200,KOTA JAKARTA BARAT,KOTA JAKARTA BARAT,,,491 ,
623,0,Fitmee Mie Shirataki Shiratake Sirataki Konnyaku Instan Halal,16800,KAB. TANGERANG,KAB. TANGERANG,,,392 ,
624,0,Wet Shirataki Noodle (Mie Shirataki Basah) Per-Dus/Carton,190000,KOTA TANGERANG SELATAN,KOTA TANGERANG SELATAN,,,189 ,
625,0,Ashitaki Mi Instan (Ashitaba & Shirataki),18490 - 18990,KOTA BANDUNG,KOTA BANDUNG,,,1000 ,
626,0,Fitmee Mie Shirataki - Konnyaku Sehat Instan Halal Fitmee Ayam Bawang Soto Carbonara,18200 - 36400,KOTA JAKARTA BARAT,KOTA JAKARTA BARAT,,,724 ,
627,0,"FITMEE MIE SHIRATAKI ALL VARIAN | SHIRATAKI NOODLE MIE SEHAT Bonus KORORO
Cashback 50%",15499,KAB. TANGERANG,KAB. TANGERANG,,,5100 ,
628,0,FITMEE MIE SHIRATAKI ALL VARIAN | SHIRATAKI NOODLE MIE SEHAT,"25000
18499",KAB. TANGERANG,KAB. TANGERANG,,,1000 ,
629,0,Fitmee - Fit Mee / Mie Shirataki Goreng Korea / Soto / Carbonara / Ayam / Bolognese / Goreng Sapi,18900,KOTA JAKARTA UTARA,KOTA JAKARTA UTARA,,,2200 ,
630,0,Mie Shirataki Basah Ketogenic Diet Keto 1 Dus 25 x 200 gr - Mr Ishii,175000,KOTA SURABAYA,KOTA SURABAYA,,,165 ,
631,0,Shirataki Noodle Hijau Mr Ishii | Mie Shirataki Jepang Halal 200 gr,10500,KOTA TANGERANG SELATAN,KOTA TANGERANG SELATAN,,,2900 ,
632,0,ASHITAKI Mi Rebus Shirataki Soto - Diet Keto Non MSG,18780,KOTA SURABAYA,KOTA SURABAYA,,,196 ,
633,0,Ashitaki Mie Shirataki Rebus Soto / Kari Ayam - Instanst sehat NON MSG low carbo diet keto,18700,KOTA SURABAYA,KOTA SURABAYA,,,1700 ,
634,0,Ashitaki Mie Instan Ashitaba Shirataki 68 gram,18500,KAB. TANGERANG,KAB. TANGERANG,,,504 ,
635,0,Dry Shirataki atau Mie Shirataki (mie kering),39500,KOTA JAKARTA BARAT,KOTA JAKARTA BARAT,,,7300 ,
636,0,Mie Shirataki Hijau Basah Ketogenic Diet Keto 1 Dus 25 bungkus,182500,KAB. TANGERANG,KAB. TANGERANG,,,43 ,
637,0,Mie basah shirataki biru,475000,KOTA JAKARTA TIMUR,KOTA JAKARTA TIMUR,,,56 ,
638,0,mie kering sirataki/gluten free/diet keto/dry noodle sirataki 250gr(pakai kurir anter aja wajib),"55000
38500",KOTA DEPOK,KOTA DEPOK,,,826 ,
639,0,Ashitaki Mi Goreng Original 1 DUS ISI 12PCS (12x75gr),227100,KOTA TANGERANG SELATAN,KOTA TANGERANG SELATAN,,,65 ,
640,0,Ashitaki Mie Rebus Low Calori - Kari Ayam,"22000
19100",KOTA JAKARTA UTARA,KOTA JAKARTA UTARA,,,34 ,
641,0,mie shirataki basah hijau/ wet noddle shirataki green 200gr cocok untuk diet,"15000
8700",KOTA DEPOK,KOTA DEPOK,,,191 ,
642,0,Mr. Ishii Lokal - Mie Shirataki Ito Konnyaku 200 g,"9900
8900",KOTA JAKARTA SELATAN,KOTA JAKARTA SELATAN,,,2600 ,
643,0,"khusus gojek Mie shirataki basah , wet sirataki noodle , diet keto / ketogenic 1dus",185000,KOTA JAKARTA UTARA,KOTA JAKARTA UTARA,,,525 ,
644,0,"Mie Shirataki Basah Instan | Mie Shirataki Basah + Bumbu + Ayam | Halal
Hadiah Gratis",10360 - 18000,KOTA SURABAYA,KOTA SURABAYA,,,715 ,
645,0,ASHITAKI Mie Shirataki - Mi Instan Diet Sehat - Ashitaba Konjac Noodle - Rendah Kalori,19900 - 20400,KOTA SURABAYA,KOTA SURABAYA,,,283 ,
646,0,Mie Shirataki Noodle Fitmee Soto Bolognese Goreng Carbonara,17750 - 20000,KOTA JAKARTA BARAT,KOTA JAKARTA BARAT,,,1600 ,
647,0,"Mie Shirataki Basah | Wet Shirataki Kwetiau Noodle | 350gram | Halal MUI Diet Keto NoGluten Konnyaku
Hadiah Gratis","20000
8500",KOTA SURABAYA,KOTA SURABAYA,,,330 ,
648,0,Mr Ishii Mie Shirataki Basah 200 gr,9600,KOTA MEDAN,KOTA MEDAN,,,154 ,
649,0,Mie Basah Shirataki / Shirataki Wet Noodle / Shirataki Itto / Mie Basah Matang / Diet Keto [200 gr],7400 - 7920,KOTA MALANG,KOTA MALANG,,,200 ,
650,0,Mie Shirataki Kering Dry Shirataki Ketogenic Diet Keto Low Carbo 250gr,45000,KOTA MAKASSAR,KOTA MAKASSAR,,,204 ,
651,0,Mie Shirataki Wet noodles isshi ito hijau isi 25 khusus gojek/grab,181500,KOTA JAKARTA BARAT,KOTA JAKARTA BARAT,,,27 ,
652,0,PAKET SHIRATAKI | Bihun - Mie - Tsubu - Fettucini Shirataki @ 1 pcs,"37730
32800",KOTA JAKARTA BARAT,KOTA JAKARTA BARAT,,,6 ,
653,0,Mie Kering Shirataki Dry Shirataki Noodle,39250,KOTA JAKARTA BARAT,KOTA JAKARTA BARAT,,,110 ,
654,0,Fit Mee Mie Shirataki Fitmee Beli 2 All Varian Gratis 1 Varian CARBONARA,18000,KOTA JAKARTA UTARA,KOTA JAKARTA UTARA,,,1000 ,
655,0,Mr Ishii Mie Shirataki Basah (200 gr),10999,KOTA MEDAN,KOTA MEDAN,,,1200 ,
656,0,Konnyaku Blok (Shirataki Konnyaku Low Carbs-Ketogenic) 500Gram,16000,KOTA TANGERANG SELATAN,KOTA TANGERANG SELATAN,,,539 ,
657,0,Ashitaki Mi Goreng Creamy Sauce 85gr (Mie Rendah Kalori),22700,KOTA JAKARTA TIMUR,KOTA JAKARTA TIMUR,,,96 ,
658,0,Ashitaki Mi Goreng Original 75gr (Mie Rendah Kalori),22700,KOTA JAKARTA TIMUR,KOTA JAKARTA TIMUR,,,247 ,
659,0,Ashitaki Mi Goreng Original,19900,KOTA TANGERANG SELATAN,KOTA TANGERANG SELATAN,,,18 ,
660,0,Paket Ashitaki 2,99000,KOTA TANGERANG SELATAN,KOTA TANGERANG SELATAN,,,9 ,
661,0,"Fitmee - FitMee BAYAM / (Shirataki Noodle) Low Calorie Mie Diet Bebas Kolestrol, Rendah Gula dan Tinggi Serat","18500
18250",KOTA TANGERANG SELATAN,KOTA TANGERANG SELATAN,,,1800 ,
662,0,"Ashitaki - Mi Goreng Original 75gr - Mie Tanpa Pengawet
Pilih 3, diskon 3%","24900
23500",KOTA JAKARTA PUSAT,KOTA JAKARTA PUSAT,,,2300 ,
663,0,Ashitaki Mie Rebus Soto - Goreng Original - Goreng ala Jepang,19240,KOTA JAKARTA TIMUR,KOTA JAKARTA TIMUR,,,1700 ,
664,0,"Ashitaki - Mi Rebus Soto 75gr - Mie Rendah Kalori
Pilih 3, diskon 3%","24900
23500",KOTA JAKARTA PUSAT,KOTA JAKARTA PUSAT,,,1900 ,
665,0,Fit Mee Mie Konyaku Shirataki Mie Goreng - Soto Low Callories,17700,KOTA JAKARTA BARAT,KOTA JAKARTA BARAT,,,3100 ,
666,0,"ASHITAKI MIE SHIRATAKI DIET SEHAT | SHIRATAKI NOODLE MIE INSTAN
Cashback 50%",18999,KAB. TANGERANG,KAB. TANGERANG,,,3600 ,
667,0,Ashitaki mie Rendah Kalori,"20000
18800",KOTA DEPOK,KOTA DEPOK,,,100 ,
668,0,Ashitaki - Mie Rendah Kalori Shirataki Tanpa Pengawet Mi Goreng Jepang Goreng Original,19053 - 39572,KOTA JAKARTA BARAT,KOTA JAKARTA BARAT,,,90 ,
669,0,Shirataki Vermicelli Noodle | Mie Shirataki | Mie Keto 250g,29870,KOTA SURABAYA,KOTA SURABAYA,,,61 ,
670,0,ASHITAKI MIE SHIRATAKI DIET SEHAT ASHITABA | SHIRATAKI NOODLE MIE INSTAN,19790 - 20490,KAB. TANGERANG,KAB. TANGERANG,,,1000 ,
671,0,Ashitaki - Mie Shirataki Diet Sehat | Shirataki Noodle Mie Instant,"25000
19950",KOTA TANGERANG SELATAN,KOTA TANGERANG SELATAN,,,950 ,
672,0,Dry Shirataki - Mie Kering Shirataki ( isi 10pcs ) 250g,39000,KOTA JAKARTA BARAT,KOTA JAKARTA BARAT,,,200 ,
673,0,"ASHITAKI MIE GORENG JEPANG ORIGINAL SOTO VEGAN KARI PEDAS BULGOGI CREAMY SAUCE SHIRATAKI ASHITABA MI SIRATAKI DIET KONYAKU NASI BERAS SIRATAKI PORANG BASAH KERING RICE NOODLE DEBM KETO PENURUN BERAT BADAN PELANGSING PRUNE PLUM CHIA SEED FITMEE FITME CIA
Pilih 3, diskon 1%","30000
19900",KOTA MADIUN,KOTA MADIUN,,,1100 ,
674,0,Mie Diet Sehat / Mie Shirataki kering / Mie Shirataki,9990 - 44990,KOTA DENPASAR,KOTA DENPASAR,,,16 ,
675,0,Fit mee Mie Shirataki Rasa Mie goreng korea Keto,15499,KAB. TANGERANG,KAB. TANGERANG,,,1300 ,
676,0,"Wet Shirataki Noodle (Mie Shirataki Basah) 200Gram
Pilih 2, bayar Rp17.500",8550,KOTA TANGERANG SELATAN,KOTA TANGERANG SELATAN,,,3100 ,
677,0,Fitmee Mie Shirataki Shiratake Sirataki Konnyaku Instan Halal,16800,KAB. TANGERANG,KAB. TANGERANG,,,468 ,
678,0,FITMEE Mie Diet Shirataki / Mie Low Carbo (92 gram) - All Variant,18900,KOTA JAKARTA UTARA,KOTA JAKARTA UTARA,,,1700 ,
679,0,ASHITAKI MIE SHIRATAKI DIET SEHAT | SHIRATAKI NOODLE MIE INSTAN,18499,KAB. TANGERANG,KAB. TANGERANG,,,1700 ,
680,0,Mie Low Callories Ashitaki Ashitaba Shirataki,19800,KOTA JAKARTA BARAT,KOTA JAKARTA BARAT,,,350 ,
681,0,Ashitaki Mie Shirataki Instant Diet,"24999
24599",KOTA MEDAN,KOTA MEDAN,,,439 ,
682,0,Mie shirataki bihun shirataki fettucini tsubu shirataki,8200 - 9200,KOTA JAKARTA BARAT,KOTA JAKARTA BARAT,,,491 ,
683,0,Fitmee Mie Shirataki Shiratake Sirataki Konnyaku Instan Halal,16800,KAB. TANGERANG,KAB. TANGERANG,,,392 ,
684,0,Wet Shirataki Noodle (Mie Shirataki Basah) Per-Dus/Carton,190000,KOTA TANGERANG SELATAN,KOTA TANGERANG SELATAN,,,189 ,
685,0,Ashitaki Mi Instan (Ashitaba & Shirataki),18490 - 18990,KOTA BANDUNG,KOTA BANDUNG,,,1000 ,
686,0,Fitmee Mie Shirataki - Konnyaku Sehat Instan Halal Fitmee Ayam Bawang Soto Carbonara,18200 - 36400,KOTA JAKARTA BARAT,KOTA JAKARTA BARAT,,,724 ,
687,0,"FITMEE MIE SHIRATAKI ALL VARIAN | SHIRATAKI NOODLE MIE SEHAT Bonus KORORO
Cashback 50%",15499,KAB. TANGERANG,KAB. TANGERANG,,,5100 ,
688,0,FITMEE MIE SHIRATAKI ALL VARIAN | SHIRATAKI NOODLE MIE SEHAT,"25000
18499",KAB. TANGERANG,KAB. TANGERANG,,,1000 ,
689,0,Fitmee - Fit Mee / Mie Shirataki Goreng Korea / Soto / Carbonara / Ayam / Bolognese / Goreng Sapi,18900,KOTA JAKARTA UTARA,KOTA JAKARTA UTARA,,,2200 ,
690,0,Mie Shirataki Basah Ketogenic Diet Keto 1 Dus 25 x 200 gr - Mr Ishii,175000,KOTA SURABAYA,KOTA SURABAYA,,,165 ,
691,0,Shirataki Noodle Hijau Mr Ishii | Mie Shirataki Jepang Halal 200 gr,10500,KOTA TANGERANG SELATAN,KOTA TANGERANG SELATAN,,,2900 ,
692,0,ASHITAKI Mi Rebus Shirataki Soto - Diet Keto Non MSG,18780,KOTA SURABAYA,KOTA SURABAYA,,,196 ,
693,0,Ashitaki Mie Shirataki Rebus Soto / Kari Ayam - Instanst sehat NON MSG low carbo diet keto,18700,KOTA SURABAYA,KOTA SURABAYA,,,1700 ,
694,0,Ashitaki Mie Instan Ashitaba Shirataki 68 gram,18500,KAB. TANGERANG,KAB. TANGERANG,,,504 ,
695,0,Dry Shirataki atau Mie Shirataki (mie kering),39500,KOTA JAKARTA BARAT,KOTA JAKARTA BARAT,,,7300 ,
696,0,Mie Shirataki Hijau Basah Ketogenic Diet Keto 1 Dus 25 bungkus,182500,KAB. TANGERANG,KAB. TANGERANG,,,43 ,
697,0,Mie basah shirataki biru,475000,KOTA JAKARTA TIMUR,KOTA JAKARTA TIMUR,,,56 ,
698,0,mie kering sirataki/gluten free/diet keto/dry noodle sirataki 250gr(pakai kurir anter aja wajib),"55000
38500",KOTA DEPOK,KOTA DEPOK,,,826 ,
699,0,Ashitaki Mi Goreng Original 1 DUS ISI 12PCS (12x75gr),227100,KOTA TANGERANG SELATAN,KOTA TANGERANG SELATAN,,,65 ,
700,0,Ashitaki Mie Rebus Low Calori - Kari Ayam,"22000
19100",KOTA JAKARTA UTARA,KOTA JAKARTA UTARA,,,34 ,
701,0,mie shirataki basah hijau/ wet noddle shirataki green 200gr cocok untuk diet,"15000
8700",KOTA DEPOK,KOTA DEPOK,,,191 ,
702,0,Mr. Ishii Lokal - Mie Shirataki Ito Konnyaku 200 g,"9900
8900",KOTA JAKARTA SELATAN,KOTA JAKARTA SELATAN,,,2600 ,
703,0,"khusus gojek Mie shirataki basah , wet sirataki noodle , diet keto / ketogenic 1dus",185000,KOTA JAKARTA UTARA,KOTA JAKARTA UTARA,,,525 ,
704,0,"Mie Shirataki Basah Instan | Mie Shirataki Basah + Bumbu + Ayam | Halal
Hadiah Gratis",10360 - 18000,KOTA SURABAYA,KOTA SURABAYA,,,715 ,
705,0,ASHITAKI Mie Shirataki - Mi Instan Diet Sehat - Ashitaba Konjac Noodle - Rendah Kalori,19900 - 20400,KOTA SURABAYA,KOTA SURABAYA,,,283 ,
706,0,Mie Shirataki Noodle Fitmee Soto Bolognese Goreng Carbonara,17750 - 20000,KOTA JAKARTA BARAT,KOTA JAKARTA BARAT,,,1600 ,
707,0,"Mie Shirataki Basah | Wet Shirataki Kwetiau Noodle | 350gram | Halal MUI Diet Keto NoGluten Konnyaku
Hadiah Gratis","20000
8500",KOTA SURABAYA,KOTA SURABAYA,,,330 ,
708,0,Mr Ishii Mie Shirataki Basah 200 gr,9600,KOTA MEDAN,KOTA MEDAN,,,154 ,
709,0,Mie Basah Shirataki / Shirataki Wet Noodle / Shirataki Itto / Mie Basah Matang / Diet Keto [200 gr],7400 - 7920,KOTA MALANG,KOTA MALANG,,,200 ,
710,0,Mie Shirataki Kering Dry Shirataki Ketogenic Diet Keto Low Carbo 250gr,45000,KOTA MAKASSAR,KOTA MAKASSAR,,,204 ,
711,0,Mie Shirataki Wet noodles isshi ito hijau isi 25 khusus gojek/grab,181500,KOTA JAKARTA BARAT,KOTA JAKARTA BARAT,,,27 ,
712,0,PAKET SHIRATAKI | Bihun - Mie - Tsubu - Fettucini Shirataki @ 1 pcs,"37730
32800",KOTA JAKARTA BARAT,KOTA JAKARTA BARAT,,,6 ,
713,0,Mie Kering Shirataki Dry Shirataki Noodle,39250,KOTA JAKARTA BARAT,KOTA JAKARTA BARAT,,,110 ,
714,0,Fit Mee Mie Shirataki Fitmee Beli 2 All Varian Gratis 1 Varian CARBONARA,18000,KOTA JAKARTA UTARA,KOTA JAKARTA UTARA,,,1000 ,
715,0,Mr Ishii Mie Shirataki Basah (200 gr),10999,KOTA MEDAN,KOTA MEDAN,,,1200 ,
716,0,Konnyaku Blok (Shirataki Konnyaku Low Carbs-Ketogenic) 500Gram,16000,KOTA TANGERANG SELATAN,KOTA TANGERANG SELATAN,,,539 ,
717,0,Ashitaki Mi Goreng Creamy Sauce 85gr (Mie Rendah Kalori),22700,KOTA JAKARTA TIMUR,KOTA JAKARTA TIMUR,,,96 ,
718,0,Ashitaki Mi Goreng Original 75gr (Mie Rendah Kalori),22700,KOTA JAKARTA TIMUR,KOTA JAKARTA TIMUR,,,247 ,
719,0,Ashitaki Mi Goreng Original,19900,KOTA TANGERANG SELATAN,KOTA TANGERANG SELATAN,,,18 ,
